-- phpMyAdmin SQL Dump
-- version 4.5.1
-- http://www.phpmyadmin.net
--
-- Host: 127.0.0.1
-- Generation Time: Jun 05, 2017 at 08:33 PM
-- Server version: 10.1.13-MariaDB
-- PHP Version: 5.5.35

SET SQL_MODE = "NO_AUTO_VALUE_ON_ZERO";
SET time_zone = "+00:00";


/*!40101 SET @OLD_CHARACTER_SET_CLIENT=@@CHARACTER_SET_CLIENT */;
/*!40101 SET @OLD_CHARACTER_SET_RESULTS=@@CHARACTER_SET_RESULTS */;
/*!40101 SET @OLD_COLLATION_CONNECTION=@@COLLATION_CONNECTION */;
/*!40101 SET NAMES utf8mb4 */;

--
-- Database: `agtext`
--

-- --------------------------------------------------------

--
-- Table structure for table `color`
--

CREATE TABLE `color` (
  `id` int(50) NOT NULL,
  `name` text CHARACTER SET utf8 COLLATE utf8_bin NOT NULL,
  `date` varchar(50) CHARACTER SET latin1 NOT NULL
) ENGINE=InnoDB DEFAULT CHARSET=utf16;

--
-- Dumping data for table `color`
--

INSERT INTO `color` (`id`, `name`, `date`) VALUES
(1, '10-Red-&#2970;&#3007;&#2997;&#2986;&#3021;&#2986;&#3009;', '1496334580'),
(2, '10-R Blue-R &#2986;&#3009;&#2995;&#3009;', '1496335755'),
(3, '10-T Blue-T &#2986;&#3009;&#2995;&#3009;', '1496335795'),
(4, '10-N Blue-N &#2986;&#3009;&#2995;&#3009;', '1496335817'),
(5, '10-Maroon-&#2990;&#2992;&#3010;&#2985;&#3021;', '1496335923'),
(6, '10-Lemon Yellow-L &#2990;&#2974;&#3021;&#2970;&#2995;&#3021;', '1496335988'),
(7, '10-White-&#2970;&#2994;&#2997;&#3016;', '1496336058'),
(8, '10-Black-&#2965;&#2992;&#3009;&#2986;&#3021;&#2986;&#3009;', '1496336097'),
(9, '10-Golden Yellow-G &#2990;&#2974;&#3021;&#2970;&#2995;&#3021;', '1496336137'),
(10, '10-coppie-&#2965;&#3006;&#2986;&#3021;&#2986;&#3007;', '1496336193'),
(11, '10 Lemon Orange-L &#2950;&#2992;&#2974;&#3021;&#2970;&#3009;', '1496336238'),
(12, '10-Green-&#2986;&#2970;&#3021;&#2970;&#3016;', '1496336291'),
(13, '6-White-&#2970;&#2994;&#2997;&#3016;', '1496336345'),
(14, '6-Black-&#2965;&#2992;&#3009;&#2986;&#3021;&#2986;&#3009;', '1496336382'),
(15, '6-Red-&#2970;&#3007;&#2997;&#2986;&#3021;&#2986;&#3009;', '1496336430'),
(16, '6-Maroon-&#2990;&#2992;&#3010;&#2985;&#3021;', '1496336479'),
(17, '6-Coppie-&#2965;&#3006;&#2986;&#3021;&#2986;&#3007;', '1496336530'),
(18, '6-Green-&#2986;&#2970;&#3021;&#2970;&#3016;', '1496336560'),
(19, '6-R Blue-R &#2986;&#3009;&#2995;&#3009;', '1496336615'),
(20, '150-Poly Black', '1496336643'),
(21, '150-Ploy Grey', '1496336946'),
(22, '150-Poly Maroon', '1496336985'),
(23, '150-Poly R Blue', '1496337007'),
(24, '150-Poly Red', '1496337085'),
(25, '150-Poly Coppie', '1496337114'),
(26, '150-Poly Sammanki', '1496337164'),
(27, '300-Poly Red', '1496337192'),
(28, '300-Poly S Blue', '1496337231'),
(29, '300-Poly N Brown', '1496337260'),
(30, '300-Poly Gold', '1496337287'),
(31, '300-Poly Green', '1496337320'),
(32, '300-Poly Maroon', '1496337375'),
(33, 'Transfer', '1496337473'),
(34, '300-Poly D Yellow (A)', '1496403015'),
(35, '300-Poly Black (A)', '1496403047'),
(36, '300-Poly Red (A)', '1496404262'),
(37, '300-Poly White (A)', '1496406258'),
(38, '300-Poly Maroon (A)', '1496406286'),
(39, '300-Poly D Blue (A)', '1496408775'),
(40, '300-Coppie (A)', '1496412638'),
(41, '150-Poly Sammanki (A)', '1496469566');

-- --------------------------------------------------------

--
-- Table structure for table `designs`
--

CREATE TABLE `designs` (
  `id` int(11) NOT NULL,
  `name` varchar(50) NOT NULL,
  `date` varchar(100) NOT NULL
) ENGINE=InnoDB DEFAULT CHARSET=latin1;

--
-- Dumping data for table `designs`
--

INSERT INTO `designs` (`id`, `name`, `date`) VALUES
(1, '40-Checked', '1496333201'),
(2, '48-Checked', '1496333236'),
(3, '54-Checked', '1496333261'),
(4, '56-Checked', '1496333329'),
(5, '48-Lalbag Jacd', '1496333433'),
(6, '54-Lalbag Jacd', '1496333478'),
(7, '60-Lalbag Jacd', '1496333551'),
(8, '63-Lalbag Jacd', '1496333575'),
(9, '74-Lalbag Jacd', '1496333625'),
(10, '48-Kamal Jacd', '1496333671'),
(11, '54-Kamal Jacd', '1496333696'),
(12, '63-Kamal Jacd', '1496333720'),
(13, '60-Sixer Jacd', '1496333740'),
(14, '63-Sixer Jacd', '1496333856'),
(15, '56-Omega Jacd', '1496333889'),
(16, '54-Reliance', '1496333914'),
(17, '90-Poly Mini Check', '1496333947'),
(18, '45-Prem Patta Spl', '1496464505');

-- --------------------------------------------------------

--
-- Table structure for table `paavudetails`
--

CREATE TABLE `paavudetails` (
  `id` int(11) NOT NULL,
  `paavuid` int(11) NOT NULL,
  `carry_paavuid` int(10) NOT NULL,
  `kg` double NOT NULL,
  `color` int(11) NOT NULL,
  `date` varchar(50) NOT NULL,
  `printno` int(20) NOT NULL,
  `threadid` int(20) NOT NULL,
  `yarnprintno` int(20) NOT NULL
) ENGINE=InnoDB DEFAULT CHARSET=latin1;

--
-- Dumping data for table `paavudetails`
--

INSERT INTO `paavudetails` (`id`, `paavuid`, `carry_paavuid`, `kg`, `color`, `date`, `printno`, `threadid`, `yarnprintno`) VALUES
(1, 1, 0, 1, 33, '1496400879', 0, 1, 0),
(2, 2, 0, 1126, 33, '1496400933', 0, 2, 0),
(3, 3, 0, 1, 33, '1496401020', 0, 3, 0),
(4, 4, 0, 2532.4, 33, '1496401066', 0, 4, 0),
(5, 5, 0, 1, 33, '1496401117', 0, 5, 0),
(6, 6, 0, 894.4, 33, '1496401169', 0, 6, 0),
(7, 7, 0, 1, 33, '1496401294', 0, 7, 0),
(8, 8, 0, 1979.1, 33, '1496401404', 0, 8, 0),
(9, 9, 0, 1, 33, '1496401463', 0, 9, 0),
(10, 10, 0, 989.7, 33, '1496401524', 0, 10, 0),
(11, 11, 0, 1, 33, '1496401599', 0, 11, 0),
(12, 12, 0, 869.7, 33, '1496401663', 0, 12, 0),
(13, 13, 0, 1, 33, '1496401873', 0, 13, 0),
(14, 14, 0, 202.7, 33, '1496401943', 0, 14, 0),
(15, 15, 0, 1, 33, '1496401980', 0, 15, 0),
(16, 16, 0, 1219.8, 33, '1496402075', 0, 16, 0),
(17, 17, 0, 1, 33, '1496402191', 0, 17, 0),
(18, 18, 0, 456.1, 33, '1496402259', 0, 18, 0),
(19, 19, 0, 1, 33, '1496402697', 0, 19, 0),
(20, 20, 0, 55.1, 34, '1496403085', 0, 20, 0),
(21, 20, 0, 55.1, 35, '1496403113', 0, 21, 0),
(22, 20, 0, 90, 8, '1496403214', 0, 22, 0),
(23, 20, 0, 90, 9, '1496403255', 0, 23, 0),
(24, 21, 0, 30, 8, '1496403937', 0, 24, 0),
(25, 21, 0, 30, 9, '1496403952', 0, 25, 0),
(26, 21, 0, 54.7, 34, '1496404017', 0, 26, 0),
(27, 21, 0, 54.7, 35, '1496404074', 0, 27, 0),
(28, 21, 0, 60, 8, '1496404122', 0, 28, 0),
(29, 21, 0, 60, 6, '1496404172', 0, 29, 0),
(30, 22, 0, 185.6, 33, '1496404376', 0, 30, 0),
(31, 22, 0, 54.05, 36, '1496404415', 0, 31, 0),
(32, 22, 0, 54.05, 35, '1496404435', 0, 32, 0),
(33, 23, 0, 1, 33, '1496404685', 0, 33, 0),
(34, 24, 0, 180, 14, '1496404806', 0, 34, 0),
(35, 24, 0, 54, 27, '1496404828', 0, 35, 0),
(36, 24, 0, 27, 20, '1496404852', 0, 36, 0),
(37, 25, 0, 62, 27, '1496405026', 0, 37, 0),
(38, 25, 0, 31, 20, '1496405046', 0, 38, 0),
(39, 25, 0, 120, 14, '1496405071', 0, 39, 0),
(40, 25, 0, 38.8, 33, '1496405098', 0, 40, 0),
(41, 27, 0, 63.1, 30, '1496405641', 0, 41, 0),
(42, 27, 0, 31.6, 20, '1496405675', 0, 42, 0),
(43, 27, 0, 60, 14, '1496405715', 0, 43, 0),
(44, 27, 0, 13.2, 33, '1496405730', 0, 44, 0),
(45, 28, 0, 1, 33, '1496405861', 0, 45, 0),
(46, 29, 0, 120, 14, '1496406160', 0, 46, 0),
(47, 29, 0, 60, 13, '1496406175', 0, 47, 0),
(48, 29, 0, 53.7, 37, '1496406321', 0, 48, 0),
(49, 29, 0, 53.7, 38, '1496406347', 0, 49, 0),
(50, 29, 0, 27.1, 33, '1496406364', 0, 50, 0),
(51, 30, 0, 1, 33, '1496406722', 0, 51, 0),
(52, 31, 0, 90, 1, '1496406780', 0, 52, 0),
(53, 31, 0, 90, 8, '1496406797', 0, 53, 0),
(54, 31, 0, 53.35, 36, '1496406868', 0, 54, 0),
(55, 31, 0, 53.35, 35, '1496406895', 0, 55, 0),
(56, 31, 0, 47.9, 33, '1496406917', 0, 56, 0),
(57, 33, 0, 60, 1, '1496407406', 0, 57, 0),
(58, 33, 0, 60, 8, '1496407420', 0, 58, 0),
(59, 33, 0, 53.95, 36, '1496407596', 0, 59, 0),
(60, 33, 0, 53.95, 35, '1496407635', 0, 60, 0),
(61, 34, 0, 1, 33, '1496407889', 0, 61, 0),
(62, 35, 0, 180, 14, '1496407970', 0, 62, 0),
(63, 35, 0, 64, 27, '1496408035', 0, 63, 0),
(64, 35, 0, 32, 20, '1496408051', 0, 64, 0),
(65, 36, 0, 1, 33, '1496408332', 0, 65, 0),
(66, 37, 0, 378.9, 33, '1496408383', 0, 66, 0),
(67, 38, 0, 1, 33, '1496408572', 0, 67, 0),
(68, 39, 0, 53, 37, '1496408726', 0, 68, 0),
(69, 39, 0, 53, 39, '1496408816', 0, 69, 0),
(70, 39, 0, 60, 13, '1496408842', 0, 70, 0),
(71, 39, 0, 60, 14, '1496408856', 0, 71, 0),
(72, 39, 0, 87.2, 33, '1496408905', 0, 72, 0),
(73, 40, 0, 1, 33, '1496409362', 0, 73, 0),
(74, 42, 0, 43.7, 20, '1496409689', 0, 74, 0),
(75, 42, 0, 43.7, 25, '1496409713', 0, 75, 0),
(76, 43, 0, 1, 33, '1496409887', 0, 76, 0),
(77, 44, 0, 180, 14, '1496409978', 0, 77, 0),
(78, 44, 0, 54.8, 28, '1496410045', 0, 78, 0),
(79, 44, 0, 27.4, 20, '1496410121', 0, 79, 0),
(80, 45, 0, 58.4, 33, '1496410378', 0, 80, 0),
(81, 45, 0, 60, 14, '1496410398', 0, 81, 0),
(82, 45, 0, 53.5, 29, '1496410434', 0, 82, 0),
(83, 45, 0, 26.8, 20, '1496410457', 0, 83, 0),
(84, 47, 0, 63.4, 28, '1496411066', 0, 84, 0),
(85, 47, 0, 31.7, 20, '1496411086', 0, 85, 0),
(86, 47, 0, 120, 14, '1496411122', 0, 86, 0),
(87, 49, 0, 42.15, 23, '1496411346', 0, 87, 0),
(88, 49, 0, 42.15, 20, '1496411372', 0, 88, 0),
(89, 49, 0, 60, 13, '1496411403', 0, 89, 0),
(90, 50, 0, 1, 33, '1496411739', 0, 90, 0),
(91, 51, 0, 180, 14, '1496411813', 0, 91, 0),
(92, 51, 0, 62, 27, '1496411829', 0, 92, 0),
(93, 51, 0, 31, 20, '1496411852', 0, 93, 0),
(94, 52, 0, 63, 29, '1496412015', 0, 94, 0),
(95, 52, 0, 31.5, 20, '1496412039', 0, 95, 0),
(96, 52, 0, 120, 14, '1496412059', 0, 96, 0),
(97, 53, 0, 1, 33, '1496412509', 0, 97, 0),
(98, 54, 0, 37.7, 26, '1496412578', 0, 98, 0),
(99, 54, 0, 75.4, 40, '1496412683', 0, 99, 0),
(100, 54, 0, 137.9, 33, '1496412747', 0, 100, 0),
(101, 55, 0, 1, 33, '1496412890', 0, 101, 0),
(102, 56, 0, 180, 13, '1496412972', 0, 102, 0),
(103, 56, 0, 45.75, 20, '1496413001', 0, 103, 0),
(104, 56, 0, 45.75, 24, '1496413025', 0, 104, 0),
(105, 57, 0, 1, 33, '1496413571', 0, 105, 0),
(106, 58, 0, 240, 14, '1496413666', 0, 106, 0),
(107, 58, 0, 85.2, 27, '1496413685', 0, 107, 0),
(108, 58, 0, 42.6, 20, '1496413709', 0, 108, 0),
(109, 59, 0, 85.9, 28, '1496414137', 0, 109, 0),
(110, 59, 0, 43, 20, '1496414160', 0, 110, 0),
(111, 59, 0, 120, 14, '1496414181', 0, 111, 0),
(112, 61, 0, 43.55, 22, '1496458366', 9, 112, 0),
(113, 61, 0, 43.55, 20, '1496458385', 9, 113, 0),
(114, 62, 0, 1, 33, '1496458644', 3, 114, 0),
(115, 63, 0, 54.2, 35, '1496458718', 3, 115, 0),
(116, 63, 0, 54.2, 35, '1496458743', 3, 116, 0),
(117, 63, 0, 90, 1, '1496458781', 3, 117, 0),
(118, 63, 0, 90, 8, '1496458796', 3, 118, 0),
(119, 64, 0, 129.45, 33, '1496458926', 3, 119, 0),
(120, 64, 0, 16.8, 33, '1496458943', 3, 120, 0),
(121, 66, 0, 69.1, 30, '1496459172', 6, 121, 0),
(122, 66, 0, 34.5, 20, '1496459186', 6, 122, 0),
(123, 66, 0, 235.5, 14, '1496459278', 6, 123, 0),
(124, 67, 0, 68.7, 30, '1496459571', 6, 124, 0),
(125, 67, 0, 34.4, 20, '1496459595', 6, 125, 0),
(126, 67, 0, 180, 14, '1496459615', 6, 126, 0),
(127, 68, 0, 240, 14, '1496459664', 6, 127, 0),
(128, 68, 0, 73.7, 31, '1496459712', 6, 128, 0),
(129, 68, 0, 36.9, 20, '1496459727', 6, 129, 0),
(130, 69, 0, 1, 33, '1496459831', 8, 130, 0),
(131, 70, 0, 53.15, 37, '1496459972', 8, 131, 0),
(132, 70, 0, 53.15, 39, '1496459997', 8, 132, 0),
(133, 70, 0, 120, 13, '1496460015', 8, 133, 0),
(134, 70, 0, 120, 14, '1496460027', 8, 134, 0),
(135, 70, 0, 64.8, 33, '1496460059', 8, 135, 0),
(136, 72, 0, 434.9, 33, '1496460480', 11, 136, 0),
(137, 73, 0, 1, 33, '1496460618', 7, 137, 0),
(138, 74, 0, 60, 14, '1496460695', 7, 138, 0),
(139, 74, 0, 54.7, 31, '1496460719', 7, 139, 0),
(140, 74, 0, 27.3, 20, '1496460740', 7, 140, 0),
(141, 74, 0, 104.1, 33, '1496460775', 7, 141, 0),
(142, 75, 0, 60, 14, '1496460866', 7, 142, 0),
(143, 76, 0, 1, 33, '1496461634', 4, 143, 0),
(144, 77, 0, 90, 1, '1496461725', 4, 144, 0),
(145, 77, 0, 90, 8, '1496461741', 4, 145, 0),
(146, 77, 0, 53.95, 36, '1496461764', 4, 146, 0),
(147, 77, 0, 53.95, 35, '1496461786', 4, 147, 0),
(148, 78, 0, 54.85, 34, '1496461943', 4, 148, 0),
(149, 78, 0, 54.85, 35, '1496461959', 4, 149, 0),
(150, 78, 0, 90, 1, '1496461969', 4, 150, 0),
(151, 78, 0, 90, 8, '1496461982', 4, 151, 0),
(152, 79, 0, 101.2, 33, '1496462050', 4, 152, 0),
(153, 80, 0, 1, 33, '1496462101', 5, 153, 0),
(154, 81, 0, 54.6, 36, '1496462142', 5, 154, 0),
(155, 81, 0, 54.6, 35, '1496462155', 5, 155, 0),
(156, 81, 0, 90, 1, '1496462164', 5, 156, 0),
(157, 81, 0, 90, 8, '1496462179', 5, 157, 0),
(158, 82, 0, 54, 36, '1496464205', 5, 158, 0),
(159, 82, 0, 54, 35, '1496464219', 5, 159, 0),
(160, 82, 0, 90, 1, '1496464232', 5, 160, 0),
(161, 82, 0, 90, 8, '1496464250', 5, 161, 0),
(162, 83, 0, 53.95, 36, '1496464365', 5, 162, 0),
(163, 83, 0, 53.95, 35, '1496464391', 5, 163, 0),
(164, 83, 0, 30, 1, '1496464414', 5, 164, 0),
(165, 83, 0, 30, 8, '1496464429', 5, 165, 0),
(166, 85, 0, 1560, 33, '1496464624', 1, 166, 0),
(167, 61, 0, 180, 13, '1496465274', 9, 167, 0),
(168, 22, 0, 60, 8, '1496465391', 2, 168, 0),
(169, 42, 0, 60, 13, '1496465436', 10, 169, 0),
(170, 86, 0, 1, 33, '1496469330', 12, 189, 0),
(171, 87, 0, 180, 13, '1496469384', 12, 0, 0),
(172, 87, 0, 37.9, 41, '1496469611', 12, 191, 0),
(173, 87, 0, 76, 39, '1496469655', 12, 192, 0),
(174, 87, 0, 52.3, 33, '1496469697', 12, 193, 0),
(175, 88, 0, 64.1, 33, '1496470213', 12, 194, 0),
(176, 88, 0, 32.1, 33, '1496470453', 12, 195, 0),
(177, 88, 0, 180, 33, '1496470550', 12, 196, 0),
(178, 49, 0, 120, 13, '1496477310', 13, 0, 0),
(179, 47, 0, 60, 14, '1496479769', 14, 0, 0),
(180, 10, 0, 120, 1, '1496487791', 15, 0, 0),
(181, 10, 0, 60, 7, '1496487820', 15, 0, 0),
(182, 12, 0, 120, 8, '1496487888', 16, 0, 0),
(183, 12, 0, 120, 1, '1496487921', 16, 0, 0),
(184, 4, 0, 60, 6, '1496492872', 17, 199, 0),
(185, 4, 0, 60, 8, '1496492896', 17, 0, 0),
(186, 4, 0, 60, 7, '1496492913', 17, 0, 0),
(187, 4, 0, 120, 1, '1496492925', 17, 0, 0),
(188, 4, 0, 120, 4, '1496492941', 17, 0, 0),
(189, 4, 0, 60, 5, '1496492971', 17, 200, 0),
(190, 6, 0, 60, 5, '1496493141', 18, 201, 0),
(191, 6, 0, 60, 1, '1496493156', 18, 0, 0),
(192, 6, 0, 60, 8, '1496493171', 18, 0, 0),
(193, 85, 0, 120, 2, '1496493457', 19, 202, 0),
(194, 85, 0, 120, 1, '1496493474', 19, 0, 0),
(195, 85, 0, 60, 6, '1496493525', 19, 203, 0),
(196, 85, 0, 60, 7, '1496493539', 19, 0, 0),
(197, 25, 0, 60, 14, '1496494575', 20, 0, 0),
(198, 89, 0, 60, 14, '1496494598', 20, 0, 0),
(199, 52, 0, 60, 14, '1496494716', 21, 0, 0),
(200, 90, 0, 60, 14, '1496494736', 21, 0, 0),
(201, 45, 0, 60, 14, '1496494840', 22, 0, 0),
(202, 18, 0, 60, 1, '1496495017', 23, 0, 0),
(203, 18, 0, 60, 8, '1496495030', 23, 0, 0);

-- --------------------------------------------------------

--
-- Table structure for table `paavus`
--

CREATE TABLE `paavus` (
  `id` int(50) NOT NULL,
  `paavuno` int(20) NOT NULL,
  `name` varchar(50) CHARACTER SET utf8 COLLATE utf8_bin NOT NULL,
  `userid` int(50) NOT NULL,
  `price` double NOT NULL,
  `date` timestamp NOT NULL DEFAULT CURRENT_TIMESTAMP,
  `color` varchar(50) CHARACTER SET utf8 COLLATE utf8_bin NOT NULL,
  `status` int(10) NOT NULL,
  `statusupdate` varchar(50) NOT NULL,
  `carry_paavuid` int(20) NOT NULL,
  `closeamount` double NOT NULL
) ENGINE=InnoDB DEFAULT CHARSET=latin1;

--
-- Dumping data for table `paavus`
--

INSERT INTO `paavus` (`id`, `paavuno`, `name`, `userid`, `price`, `date`, `color`, `status`, `statusupdate`, `carry_paavuid`, `closeamount`) VALUES
(1, 1, '3', 1, 6, '2017-06-01 16:33:23', 'Blue', 1, 'close', 0, -7089),
(2, 2, '3', 1, 6, '2017-06-02 10:55:13', 'All Color', 0, '', 0, 0),
(3, 1, '3', 2, 6, '2017-06-02 10:56:43', 'Transfer', 1, 'close', 0, -75195),
(4, 2, '3', 2, 6, '2017-06-02 10:57:26', 'All Colors', 0, '', 0, 0),
(5, 1, '3', 3, 6, '2017-06-02 10:58:25', 'Transfer', 1, 'close', 0, -7354),
(6, 2, '3', 3, 6, '2017-06-02 10:59:10', 'All Colors', 0, '', 0, 0),
(7, 1, '3', 4, 6, '2017-06-02 11:01:14', 'Transfer', 1, 'close', 0, -16425),
(8, 2, '1', 4, 5, '2017-06-02 11:02:50', 'All Colors', 0, '', 0, 0),
(9, 1, '3', 5, 6, '2017-06-02 11:04:12', 'Transfer', 1, 'close', 0, -4776),
(10, 2, '3', 5, 6, '2017-06-02 11:05:09', 'All Colors', 0, '', 0, 0),
(11, 1, '3', 7, 6, '2017-06-02 11:06:22', 'Transfer', 1, 'close', 0, -5362),
(12, 2, '3', 7, 6, '2017-06-02 11:07:22', 'All Colors', 0, '', 0, 0),
(13, 1, '2', 8, 5, '2017-06-02 11:10:12', 'Transfer', 1, 'close', 0, -1151),
(14, 2, '2', 8, 6, '2017-06-02 11:12:07', 'All Colors', 0, '', 0, 0),
(15, 1, '3', 9, 6, '2017-06-02 11:12:48', 'Transfer', 1, 'close', 0, -4444),
(16, 2, '3', 9, 6, '2017-06-02 11:14:17', 'All Colors', 0, '', 0, 0),
(17, 1, '3', 10, 6, '2017-06-02 11:16:21', 'Transfer', 1, 'close', 0, -6307),
(18, 2, '3', 10, 6, '2017-06-02 11:17:19', 'All Colors', 0, '', 0, 0),
(19, 1, '17', 11, 9, '2017-06-02 11:23:33', 'Transfer', 1, 'close', 0, -9337),
(20, 2, '17', 11, 9, '2017-06-02 11:27:14', 'Yellow', 0, '', 0, 0),
(21, 3, '17', 11, 9, '2017-06-02 11:45:07', 'Yellow', 0, '', 0, 0),
(22, 4, '17', 11, 9, '2017-06-02 11:50:07', 'Red', 0, '', 0, 0),
(23, 1, '5', 32, 7, '2017-06-02 11:57:52', 'Transfer', 1, 'close', 0, -9161),
(24, 2, '5', 32, 7, '2017-06-02 11:59:19', 'Red', 0, '', 0, 0),
(25, 3, '6', 32, 7.5, '2017-06-02 12:03:23', 'Red', 0, '', 0, 0),
(26, 1, '6', 28, 7.5, '2017-06-02 12:10:57', 'Gold', 1, 'close', 0, 3190),
(27, 2, '6', 28, 7.5, '2017-06-02 12:13:23', 'Gold', 0, '', 0, 0),
(28, 1, '13', 27, 13.5, '2017-06-02 12:17:07', 'Maroon', 1, 'close', 0, -268),
(29, 2, '13', 27, 13.5, '2017-06-02 12:21:23', 'Maroon', 0, '', 0, 0),
(30, 1, '17', 15, 9, '2017-06-02 12:31:39', 'Red', 1, 'close', 0, -5673),
(31, 2, '17', 15, 8.5, '2017-06-02 12:32:34', 'Red', 0, '', 0, 0),
(32, 1, '17', 35, 8, '2017-06-02 12:42:21', 'Transfer', 1, 'close', 0, 682),
(33, 2, '17', 35, 8.5, '2017-06-02 12:43:06', 'Red', 0, '', 0, 0),
(34, 1, '6', 16, 7.5, '2017-06-02 12:51:04', 'Red', 1, 'close', 0, -4605),
(35, 2, '6', 16, 7.5, '2017-06-02 12:52:19', 'Red', 0, '', 0, 0),
(36, 1, '3', 34, 6, '2017-06-02 12:58:12', 'Transfer', 1, 'close', 0, -1914),
(37, 2, '3', 34, 6, '2017-06-02 12:59:15', 'All Colors', 0, '', 0, 0),
(38, 1, '13', 22, 13.5, '2017-06-02 13:01:49', 'D Blue', 1, 'close', 0, -2588),
(39, 2, '13', 22, 13.5, '2017-06-02 13:04:27', 'D Blue', 0, '', 0, 0),
(40, 1, '6', 30, 7.5, '2017-06-02 13:15:43', 'Transfer', 1, 'close', 0, -402),
(41, 1, '11', 29, 9.5, '2017-06-02 13:19:20', 'Coppie', 1, 'close', 0, 819),
(42, 2, '11', 29, 9.5, '2017-06-02 13:20:40', 'Copiie', 0, '', 0, 0),
(43, 1, '5', 31, 7, '2017-06-02 13:24:34', 'Transfer', 1, 'close', 0, -13752),
(44, 2, '5', 31, 7, '2017-06-02 13:25:29', 'L Blue', 0, '', 0, 0),
(45, 3, '5', 31, 7, '2017-06-02 13:25:53', 'N Brown', 0, '', 0, 0),
(46, 1, '6', 33, 7.5, '2017-06-02 13:42:43', 'Transfer', 1, 'close', 0, 5724),
(47, 2, '6', 33, 7.5, '2017-06-02 13:43:48', 'L Blue', 0, '', 0, 0),
(48, 1, '10', 20, 8.5, '2017-06-02 13:47:06', 'Transfer', 1, 'close', 0, 7939),
(49, 2, '10', 20, 8.5, '2017-06-02 13:48:07', 'L Blue', 0, '', 0, 0),
(50, 1, '6', 23, 7.5, '2017-06-02 13:55:23', 'Transfer', 1, 'close', 0, -5055),
(51, 2, '6', 23, 7.5, '2017-06-02 13:56:32', 'Red', 0, '', 0, 0),
(52, 3, '6', 23, 7.5, '2017-06-02 13:59:57', 'N Brown', 0, '', 0, 0),
(53, 1, '15', 24, 10, '2017-06-02 14:08:14', 'Sammagki', 1, 'close', 0, -16155),
(54, 2, '15', 24, 10, '2017-06-02 14:09:08', 'Sammaki', 0, '', 0, 0),
(55, 1, '10', 21, 8.5, '2017-06-02 14:13:58', 'Transfer', 1, 'close', 0, -3375),
(56, 2, '10', 21, 8.5, '2017-06-02 14:15:38', 'Red', 0, '', 0, 0),
(57, 1, '9', 17, 12, '2017-06-02 14:25:52', 'Transfer', 1, 'close', 0, -25706),
(58, 2, '9', 17, 12, '2017-06-02 14:27:24', 'Red', 0, '', 0, 0),
(59, 3, '9', 17, 12, '2017-06-02 14:35:05', 'L Blue', 0, '', 0, 0),
(60, 1, '11', 26, 7, '2017-06-03 02:51:04', 'Maroon', 1, 'close', 0, 148),
(61, 2, '11', 26, 10, '2017-06-03 02:51:58', 'Maroom', 0, '', 0, 0),
(62, 1, '17', 12, 9, '2017-06-03 02:55:50', 'Transfer', 1, 'close', 0, -8033),
(63, 2, '17', 12, 9, '2017-06-03 02:57:48', 'Red', 0, '', 0, 0),
(64, 3, '17', 12, 9, '2017-06-03 03:01:42', 'Transfer', 0, '', 0, 0),
(65, 1, '7', 18, 9, '2017-06-03 03:04:20', 'Transfer', 1, 'close', 0, 41092),
(66, 2, '7', 18, 9, '2017-06-03 03:05:42', 'Gold', 0, '', 0, 0),
(67, 3, '7', 18, 9, '2017-06-03 03:12:20', 'Gold', 0, '', 0, 0),
(68, 4, '8', 18, 10, '2017-06-03 03:14:04', 'Green', 0, '', 0, 0),
(69, 1, '13', 25, 12, '2017-06-03 03:16:57', 'Transfer', 1, 'close', 0, -1735),
(70, 2, '13', 25, 14, '2017-06-03 03:19:04', 'Blue', 0, '', 0, 0),
(71, 1, '3', 37, 6, '2017-06-03 03:25:51', 'Transfer', 1, 'close', 0, 120),
(72, 2, '3', 37, 6, '2017-06-03 03:27:37', 'All Colors', 0, '', 0, 0),
(73, 1, '5', 19, 7, '2017-06-03 03:30:07', 'Transfer', 1, 'close', 0, -15564),
(74, 2, '5', 19, 7, '2017-06-03 03:31:04', 'Green', 0, '', 0, 0),
(75, 3, '5', 19, 7, '2017-06-03 03:34:11', 'TBD', 0, '', 0, 0),
(76, 1, '17', 13, 9, '2017-06-03 03:46:49', 'Transfer', 1, 'close', 0, -11288),
(77, 2, '17', 13, 9, '2017-06-03 03:47:54', 'Red', 0, '', 0, 0),
(78, 3, '17', 13, 9, '2017-06-03 03:51:53', 'Yellow', 0, '', 0, 0),
(79, 4, '17', 13, 9, '2017-06-03 03:53:48', 'Transfer', 0, '', 0, 0),
(80, 1, '17', 14, 9, '2017-06-03 03:54:50', 'Transfer', 1, 'close', 0, -14146),
(81, 2, '17', 14, 9, '2017-06-03 03:55:27', 'Red', 0, '', 0, 0),
(82, 3, '17', 14, 8.5, '2017-06-03 04:29:45', 'Red', 0, '', 0, 0),
(83, 4, '17', 14, 8.5, '2017-06-03 04:32:24', 'Red', 0, '', 0, 0),
(84, 1, '18', 6, 7, '2017-06-03 04:35:29', 'Transfer', 1, 'close', 0, 966),
(85, 2, '18', 6, 7, '2017-06-03 04:36:10', 'Multi Color', 0, '', 0, 0),
(86, 1, '15', 36, 10, '2017-06-03 05:55:19', 'Transfer', 1, 'close', 0, -39039),
(87, 2, '15', 36, 10, '2017-06-03 05:56:09', 'Sammanki', 0, '', 0, 0),
(88, 3, '15', 36, 10, '2017-06-03 06:06:23', 'Blue', 0, '', 0, 0),
(89, 4, '6', 32, 7.5, '2017-06-03 12:55:49', 'GOLD', 0, '', 0, 0),
(90, 4, '6', 23, 7.5, '2017-06-03 12:58:23', 'RED', 0, '', 0, 0);

-- --------------------------------------------------------

--
-- Table structure for table `returnpavudetails`
--

CREATE TABLE `returnpavudetails` (
  `id` int(10) NOT NULL,
  `paavuid` int(10) NOT NULL,
  `carry_paavuid` int(10) NOT NULL,
  `roles` varchar(223) NOT NULL,
  `weight` double NOT NULL,
  `meter` double NOT NULL,
  `amount` double NOT NULL,
  `date` varchar(50) NOT NULL,
  `design` int(50) NOT NULL
) ENGINE=InnoDB DEFAULT CHARSET=latin1;

--
-- Dumping data for table `returnpavudetails`
--

INSERT INTO `returnpavudetails` (`id`, `paavuid`, `carry_paavuid`, `roles`, `weight`, `meter`, `amount`, `date`, `design`) VALUES
(1, 18, 0, '7', 41.9, 209.9, 6, '1495490400', 3),
(2, 20, 0, '2', 16.3, 60.2, 9, '1494021600', 17),
(3, 20, 0, '4', 32.1, 119, 9, '1494453600', 17),
(4, 20, 0, '4', 33.1, 119.5, 9, '1495058400', 17),
(5, 20, 0, '4', 32.7, 119.3, 9, '1495317600', 17),
(6, 20, 0, '8', 65.2, 238.7, 9, '1495663200', 17),
(7, 20, 0, '3', 24, 88.2, 9, '1494626400', 17),
(8, 20, 0, '4', 32.5, 118.9, 9, '1495836000', 17),
(9, 24, 0, '6', 41, 179, 7, '1494799200', 5),
(10, 24, 0, '11', 74.2, 331.9, 7, '1495490400', 1),
(11, 25, 0, '6', 47, 175, 7.5, '1494799200', 6),
(12, 25, 0, '11', 82.9, 321.9, 7.5, '1495490400', 6),
(13, 26, 0, '1', 12, 0, 0, '1496354400', 6),
(14, 29, 0, '2', 21.1, 49.3, 13.5, '1495231200', 13),
(15, 29, 0, '8', 85.1, 195.9, 13.5, '1495922400', 13),
(16, 31, 0, '2', 15.9, 61, 8.5, '1494021600', 17),
(17, 31, 0, '6', 46.9, 182.3, 8.5, '1494972000', 17),
(18, 31, 0, '3', 23.3, 91.5, 8.5, '1495231200', 17),
(19, 32, 0, '1', 1, 0, 0, '1496354400', 17),
(20, 35, 0, '5', 41, 151.2, 7.5, '1494626400', 6),
(21, 35, 0, '7', 54, 214.2, 7.5, '1495231200', 6),
(22, 35, 0, '9', 69.7, 275.8, 7.5, '1495836000', 6),
(23, 39, 0, '6', 62.1, 151, 13.5, '1495231200', 13),
(24, 41, 0, '1', 1, 0, 0, '1496354400', 11),
(25, 44, 0, '9', 58.9, 259, 7, '1494021600', 5),
(26, 44, 0, '14', 92, 405.3, 7, '1494799200', 5),
(27, 44, 0, '10', 67.4, 297.2, 7, '1495490400', 5),
(28, 46, 0, '1', 1, 0, 0, '1496354400', 6),
(29, 48, 0, '1', 1, 0, 0, '1496354400', 10),
(30, 49, 0, '7', 51.5, 213.2, 8.5, '1495663200', 10),
(31, 51, 0, '5', 40.3, 146, 7.5, '1494799200', 6),
(32, 51, 0, '11', 83.1, 319.5, 7.5, '1495490400', 6),
(33, 52, 0, '6', 50.3, 177, 7.5, '1494799200', 6),
(34, 52, 0, '10', 80.6, 296.4, 7.5, '1495490400', 6),
(35, 56, 0, '7', 53.9, 208.6, 8.5, '1495058400', 10),
(36, 56, 0, '5', 39.4, 151.9, 8.5, '1495663200', 10),
(37, 58, 0, '1', 12.1, 32.2, 12, '1494972000', 9),
(38, 58, 0, '9', 109.5, 287.2, 12, '1495231200', 9),
(39, 58, 0, '8', 92.9, 254.2, 12, '1495231200', 9),
(40, 59, 0, '5', 61.4, 155.4, 12, '1495576800', 9),
(41, 60, 0, '1', 1, 0, 0, '1496440800', 11),
(42, 61, 0, '3', 26.3, 0, 0, '1496440800', 11),
(43, 63, 0, '9', 71, 259.9, 9, '1495231200', 17),
(44, 63, 0, '20', 151.8, 568.3, 9, '1495836000', 17),
(45, 65, 0, '1', 1, 0, 0, '1496440800', 7),
(46, 66, 0, '1', 150.6, 0, 0, '1496440800', 7),
(47, 66, 0, '21', 183.5, 636.1, 10, '1495749600', 7),
(48, 70, 0, '4', 39.8, 85.4, 14, '1493416800', 13),
(49, 70, 0, '6', 55.9, 129, 14, '1494626400', 13),
(50, 71, 0, '1', 1, 0, 0, '1496440800', 3),
(51, 58, 0, '1', 26.9, 0, 0, '1496354400', 9),
(52, 77, 0, '11', 90.5, 333.1, 9, '1494280800', 17),
(53, 77, 0, '8', 69.3, 253.5, 9, '1495749600', 17),
(54, 81, 0, '3', 25.5, 90.4, 8.5, '1493416800', 17),
(55, 81, 0, '11', 92.6, 324.8, 8.5, '1494021600', 17),
(56, 81, 0, '9', 74.6, 264, 8.5, '1494626400', 17),
(57, 81, 0, '7', 58.5, 211.7, 8.5, '1497909600', 17),
(58, 82, 0, '6', 50.5, 180.9, 8.5, '1494626400', 17),
(59, 82, 0, '7', 57.2, 207.5, 8.5, '1495231200', 17),
(60, 84, 0, '1', 1, 0, 0, '1496440800', 18),
(61, 85, 0, '13', 163.2, 422.7, 7, '1495836000', 18),
(62, 87, 0, '1', 10.7, 30.7, 10, '1492984800', 15),
(63, 87, 0, '24', 229.9, 719.2, 10, '1496440800', 15),
(64, 88, 0, '14', 111.4, 410.9, 10, '1496440800', 15),
(65, 31, 0, '9', 68.8, 274.7, 8.5, '1495836000', 17),
(66, 61, 0, '1', 8.1, 30.9, 9, '1496354400', 11),
(67, 47, 0, '12', 88.2, 331, 7.5, '1496268000', 6),
(68, 6, 0, '32', 182.2, 928.5, 6, '1495836000', 3),
(69, 14, 0, '12', 62.7, 382, 5, '1495836000', 2),
(70, 20, 0, '6', 50.1, 179.6, 9, '1496268000', 17),
(71, 21, 0, '5', 41.3, 147.6, 9, '1496268000', 17),
(72, 74, 0, '19', 123.8, 554.4, 7, '1495836000', 5),
(73, 8, 0, '23', 107.6, 721.7, 5, '1495836000', 1);

-- --------------------------------------------------------

--
-- Table structure for table `threads`
--

CREATE TABLE `threads` (
  `id` int(50) NOT NULL,
  `threadno` int(50) NOT NULL,
  `date` varchar(50) NOT NULL,
  `kg` double NOT NULL,
  `price` varchar(50) CHARACTER SET utf8 COLLATE utf8_bin NOT NULL,
  `color` varchar(50) CHARACTER SET utf8 COLLATE utf8_bin NOT NULL,
  `count` int(20) NOT NULL,
  `yarn` int(10) NOT NULL,
  `yarnprintno` int(20) NOT NULL,
  `outsideyarn` int(10) NOT NULL
) ENGINE=InnoDB DEFAULT CHARSET=latin1;

--
-- Dumping data for table `threads`
--

INSERT INTO `threads` (`id`, `threadno`, `date`, `kg`, `price`, `color`, `count`, `yarn`, `yarnprintno`, `outsideyarn`) VALUES
(1, 0, '1496400879', 1, '', '33', 0, 10, 0, 0),
(2, 0, '1496400933', 1126, '', '33', 0, 10, 0, 0),
(3, 0, '1496401020', 1, '', '33', 0, 10, 0, 0),
(4, 0, '1496401066', 2532.4, '', '33', 0, 10, 0, 0),
(5, 0, '1496401117', 1, '', '33', 0, 10, 0, 0),
(6, 0, '1496401169', 894.4, '', '33', 0, 10, 0, 0),
(7, 0, '1496401294', 1, '', '33', 0, 10, 0, 0),
(8, 0, '1496401404', 1979.1, '', '33', 0, 10, 0, 0),
(9, 0, '1496401463', 1, '', '33', 0, 10, 0, 0),
(10, 0, '1496401524', 989.7, '', '33', 0, 10, 0, 0),
(11, 0, '1496401599', 1, '', '33', 0, 10, 0, 0),
(12, 0, '1496401663', 869.7, '', '33', 0, 10, 0, 0),
(13, 0, '1496401873', 1, '', '33', 0, 10, 0, 0),
(14, 0, '1496401943', 202.7, '', '33', 0, 10, 0, 0),
(15, 0, '1496401979', 1, '', '33', 0, 10, 0, 0),
(16, 0, '1496402075', 1219.8, '', '33', 0, 10, 0, 0),
(17, 0, '1496402191', 1, '', '33', 0, 10, 0, 0),
(18, 0, '1496402259', 456.1, '', '33', 0, 10, 0, 0),
(19, 0, '1496402697', 1, '', '33', 0, 10, 0, 0),
(20, 0, '1496403085', 55.1, '', '34', 0, 10, 0, 0),
(21, 0, '1496403113', 55.1, '', '35', 0, 10, 0, 0),
(22, 0, '1496403214', 90, '', '8', 0, 10, 0, 0),
(23, 0, '1496403255', 90, '', '9', 0, 10, 0, 0),
(24, 0, '1496403937', 30, '', '8', 0, 10, 0, 0),
(25, 0, '1496403952', 30, '', '9', 0, 10, 0, 0),
(26, 0, '1496404017', 54.7, '', '34', 0, 10, 0, 0),
(27, 0, '1496404074', 54.7, '', '35', 0, 10, 0, 0),
(28, 0, '1496404122', 60, '', '8', 0, 10, 0, 0),
(29, 0, '1496404172', 60, '', '6', 0, 10, 0, 0),
(30, 0, '1496404376', 185.6, '', '33', 0, 10, 0, 0),
(31, 0, '1496404415', 54.05, '', '36', 0, 10, 0, 0),
(32, 0, '1496404435', 54.05, '', '35', 0, 10, 0, 0),
(33, 0, '1496404685', 1, '', '33', 0, 10, 14, 0),
(34, 0, '1496404806', 180, '', '14', 0, 10, 14, 0),
(35, 0, '1496404828', 54, '', '27', 0, 10, 14, 0),
(36, 0, '1496404852', 27, '', '20', 0, 10, 14, 0),
(37, 0, '1496405026', 62, '', '27', 0, 10, 14, 0),
(38, 0, '1496405046', 31, '', '20', 0, 10, 14, 0),
(39, 0, '1496405071', 120, '', '14', 0, 10, 14, 0),
(40, 0, '1496405098', 38.8, '', '33', 0, 10, 14, 0),
(41, 0, '1496405641', 63.1, '', '30', 0, 10, 0, 0),
(42, 0, '1496405675', 31.6, '', '20', 0, 10, 0, 0),
(43, 0, '1496405715', 60, '', '14', 0, 10, 0, 0),
(44, 0, '1496405730', 13.2, '', '33', 0, 10, 0, 0),
(45, 0, '1496405861', 1, '', '33', 0, 10, 0, 0),
(46, 0, '1496406160', 120, '', '14', 0, 10, 0, 0),
(47, 0, '1496406175', 60, '', '13', 0, 10, 0, 0),
(48, 0, '1496406321', 53.7, '', '37', 0, 10, 0, 0),
(49, 0, '1496406347', 53.7, '', '38', 0, 10, 0, 0),
(50, 0, '1496406364', 27.1, '', '33', 0, 10, 0, 0),
(51, 0, '1496406722', 1, '', '33', 0, 10, 0, 0),
(52, 0, '1496406780', 90, '', '1', 0, 10, 0, 0),
(53, 0, '1496406797', 90, '', '8', 0, 10, 0, 0),
(54, 0, '1496406868', 53.35, '', '36', 0, 10, 0, 0),
(55, 0, '1496406895', 53.35, '', '35', 0, 10, 0, 0),
(56, 0, '1496406917', 47.9, '', '33', 0, 10, 0, 0),
(57, 0, '1496407406', 60, '', '1', 0, 10, 0, 0),
(58, 0, '1496407420', 60, '', '8', 0, 10, 0, 0),
(59, 0, '1496407596', 53.95, '', '36', 0, 10, 0, 0),
(60, 0, '1496407635', 53.95, '', '35', 0, 10, 0, 0),
(61, 0, '1496407889', 1, '', '33', 0, 10, 0, 0),
(62, 0, '1496407970', 180, '', '14', 0, 10, 0, 0),
(63, 0, '1496408035', 64, '', '27', 0, 10, 0, 0),
(64, 0, '1496408051', 32, '', '20', 0, 10, 0, 0),
(65, 0, '1496408332', 1, '', '33', 0, 10, 0, 0),
(66, 0, '1496408383', 378.9, '', '33', 0, 10, 0, 0),
(67, 0, '1496408572', 1, '', '33', 0, 10, 0, 0),
(68, 0, '1496408726', 53, '', '37', 0, 10, 0, 0),
(69, 0, '1496408816', 53, '', '39', 0, 10, 0, 0),
(70, 0, '1496408842', 60, '', '13', 0, 10, 0, 0),
(71, 0, '1496408855', 60, '', '14', 0, 10, 0, 0),
(72, 0, '1496408905', 87.2, '', '33', 0, 10, 0, 0),
(73, 0, '1496409362', 1, '', '33', 0, 10, 0, 0),
(74, 0, '1496409689', 43.7, '', '20', 0, 10, 13, 0),
(75, 0, '1496409713', 43.7, '', '25', 0, 10, 13, 0),
(76, 0, '1496409887', 1, '', '33', 0, 10, 0, 0),
(77, 0, '1496409978', 180, '', '14', 0, 10, 0, 0),
(78, 0, '1496410045', 54.8, '', '28', 0, 10, 0, 0),
(79, 0, '1496410121', 27.4, '', '20', 0, 10, 0, 0),
(80, 0, '1496410378', 58.4, '', '33', 0, 10, 0, 0),
(81, 0, '1496410398', 60, '', '14', 0, 10, 0, 0),
(82, 0, '1496410434', 53.5, '', '29', 0, 10, 0, 0),
(83, 0, '1496410457', 26.8, '', '20', 0, 10, 0, 0),
(84, 0, '1496411066', 63.4, '', '28', 0, 10, 0, 0),
(85, 0, '1496411086', 31.7, '', '20', 0, 10, 0, 0),
(86, 0, '1496411122', 120, '', '14', 0, 10, 0, 0),
(87, 0, '1496411346', 42.15, '', '23', 0, 10, 0, 0),
(88, 0, '1496411372', 42.15, '', '20', 0, 10, 0, 0),
(89, 0, '1496411403', 60, '', '13', 0, 10, 0, 0),
(90, 0, '1496411739', 1, '', '33', 0, 10, 0, 0),
(91, 0, '1496411813', 180, '', '14', 0, 10, 0, 0),
(92, 0, '1496411829', 62, '', '27', 0, 10, 0, 0),
(93, 0, '1496411852', 31, '', '20', 0, 10, 0, 0),
(94, 0, '1496412015', 63, '', '29', 0, 10, 0, 0),
(95, 0, '1496412039', 31.5, '', '20', 0, 10, 0, 0),
(96, 0, '1496412059', 120, '', '14', 0, 10, 0, 0),
(97, 0, '1496412509', 1, '', '33', 0, 10, 0, 0),
(98, 0, '1496412578', 37.7, '', '26', 0, 10, 0, 0),
(99, 0, '1496412683', 75.4, '', '40', 0, 10, 0, 0),
(100, 0, '1496412747', 137.9, '', '33', 0, 10, 0, 0),
(101, 0, '1496412890', 1, '', '33', 0, 10, 0, 0),
(102, 0, '1496412972', 180, '', '13', 0, 10, 0, 0),
(103, 0, '1496413001', 45.75, '', '20', 0, 10, 0, 0),
(104, 0, '1496413025', 45.75, '', '24', 0, 10, 0, 0),
(105, 0, '1496413571', 1, '', '33', 0, 10, 0, 0),
(106, 0, '1496413666', 240, '', '14', 0, 10, 0, 0),
(107, 0, '1496413685', 85.2, '', '27', 0, 10, 0, 0),
(108, 0, '1496413709', 42.6, '', '20', 0, 10, 0, 0),
(109, 0, '1496414137', 85.9, '', '28', 0, 10, 0, 0),
(110, 0, '1496414160', 43, '', '20', 0, 10, 0, 0),
(111, 0, '1496414181', 120, '', '14', 0, 10, 0, 0),
(112, 0, '1496458366', 43.55, '', '22', 0, 10, 12, 0),
(113, 0, '1496458385', 43.55, '', '20', 0, 10, 12, 0),
(114, 0, '1496458644', 1, '', '33', 0, 10, 6, 0),
(115, 0, '1496458718', 54.2, '', '35', 0, 10, 6, 0),
(116, 0, '1496458743', 54.2, '', '35', 0, 10, 6, 0),
(117, 0, '1496458781', 90, '', '1', 0, 10, 6, 0),
(118, 0, '1496458796', 90, '', '8', 0, 10, 6, 0),
(119, 0, '1496458926', 129.45, '', '33', 0, 10, 6, 0),
(120, 0, '1496458943', 16.8, '', '33', 0, 10, 6, 0),
(121, 0, '1496459172', 69.1, '', '30', 0, 10, 9, 0),
(122, 0, '1496459186', 34.5, '', '20', 0, 10, 9, 0),
(123, 0, '1496459278', 235.5, '', '14', 0, 10, 9, 0),
(124, 0, '1496459571', 68.7, '', '30', 0, 10, 9, 0),
(125, 0, '1496459595', 34.4, '', '20', 0, 10, 9, 0),
(126, 0, '1496459615', 180, '', '14', 0, 10, 9, 0),
(127, 0, '1496459664', 240, '', '14', 0, 10, 9, 0),
(128, 0, '1496459712', 73.7, '', '31', 0, 10, 9, 0),
(129, 0, '1496459727', 36.9, '', '20', 0, 10, 9, 0),
(130, 0, '1496459831', 1, '', '33', 0, 10, 11, 0),
(131, 0, '1496459972', 53.15, '', '37', 0, 10, 11, 0),
(132, 0, '1496459997', 53.15, '', '39', 0, 10, 11, 0),
(133, 0, '1496460015', 120, '', '13', 0, 10, 11, 0),
(134, 0, '1496460027', 120, '', '14', 0, 10, 11, 0),
(135, 0, '1496460059', 64.8, '', '33', 0, 10, 11, 0),
(136, 0, '1496460480', 434.9, '', '33', 0, 10, 15, 0),
(137, 0, '1496460618', 1, '', '33', 0, 10, 10, 0),
(138, 0, '1496460695', 60, '', '14', 0, 10, 10, 0),
(139, 0, '1496460719', 54.7, '', '31', 0, 10, 10, 0),
(140, 0, '1496460740', 27.3, '', '20', 0, 10, 10, 0),
(141, 0, '1496460775', 104.1, '', '33', 0, 10, 10, 0),
(142, 0, '1496460866', 60, '', '14', 0, 10, 10, 0),
(143, 0, '1496461634', 1, '', '33', 0, 10, 7, 0),
(144, 0, '1496461725', 90, '', '1', 0, 10, 7, 0),
(145, 0, '1496461741', 90, '', '8', 0, 10, 7, 0),
(146, 0, '1496461764', 53.95, '', '36', 0, 10, 7, 0),
(147, 0, '1496461785', 53.95, '', '35', 0, 10, 7, 0),
(148, 0, '1496461943', 54.85, '', '34', 0, 10, 7, 0),
(149, 0, '1496461959', 54.85, '', '35', 0, 10, 7, 0),
(150, 0, '1496461969', 90, '', '1', 0, 10, 7, 0),
(151, 0, '1496461982', 90, '', '8', 0, 10, 7, 0),
(152, 0, '1496462050', 101.2, '', '33', 0, 10, 7, 0),
(153, 0, '1496462101', 1, '', '33', 0, 10, 8, 0),
(154, 0, '1496462142', 54.6, '', '36', 0, 10, 8, 0),
(155, 0, '1496462155', 54.6, '', '35', 0, 10, 8, 0),
(156, 0, '1496462164', 90, '', '1', 0, 10, 8, 0),
(157, 0, '1496462179', 90, '', '8', 0, 10, 8, 0),
(158, 0, '1496464205', 54, '', '36', 0, 10, 8, 0),
(159, 0, '1496464219', 54, '', '35', 0, 10, 8, 0),
(160, 0, '1496464232', 90, '', '1', 0, 10, 8, 0),
(161, 0, '1496464250', 90, '', '8', 0, 10, 8, 0),
(162, 0, '1496464365', 53.95, '', '36', 0, 10, 8, 0),
(163, 0, '1496464391', 53.95, '', '35', 0, 10, 8, 0),
(164, 0, '1496464414', 30, '', '1', 0, 10, 8, 0),
(165, 0, '1496464429', 30, '', '8', 0, 10, 8, 0),
(166, 0, '1496464624', 1560, '', '33', 0, 10, 5, 0),
(167, 0, '1496465274', 180, '', '13', 0, 10, 12, 0),
(168, 0, '1496465391', 60, '', '8', 0, 10, 0, 0),
(169, 0, '1496465436', 60, '', '13', 0, 10, 13, 0),
(170, 0, '1496465704', 399.91, '0', '20', 0, 5, 1, 1),
(171, 0, '1496465704', 17.66, '0', '21', 0, 5, 1, 1),
(172, 0, '1496466232', 654.33, '0', '27', 0, 4, 2, 1),
(173, 0, '1496466232', 301.57, '0', '28', 0, 4, 2, 1),
(174, 0, '1496466232', 279.57, '0', '29', 0, 4, 2, 1),
(175, 0, '1496466232', 352.23, '0', '30', 0, 4, 2, 1),
(176, 0, '1496466232', 283.65, '0', '31', 0, 4, 2, 1),
(177, 0, '1496466232', 320.36, '0', '23', 0, 4, 2, 1),
(178, 0, '1496466232', 404.44, '0', '22', 0, 4, 2, 1),
(179, 0, '1496466232', 441.79, '0', '24', 0, 4, 2, 1),
(180, 0, '1496466232', 406.9, '0', '25', 0, 4, 2, 1),
(181, 0, '1496466232', 60.79, '0', '26', 0, 4, 2, 1),
(182, 0, '1496466232', 33.11, '0', '32', 0, 4, 2, 1),
(183, 0, '1496467657', 600, '0', '1', 0, 3, 3, 1),
(184, 0, '1496467657', 600, '0', '8', 0, 3, 3, 1),
(185, 0, '1496467657', 120, '0', '7', 0, 3, 3, 1),
(186, 0, '1496467657', 240, '0', '4', 0, 3, 3, 1),
(187, 0, '1496467931', 120, '0', '10', 0, 1, 4, 1),
(188, 0, '1496467931', 240, '0', '13', 0, 1, 4, 1),
(189, 0, '1496469330', 1, '', '33', 0, 10, 17, 0),
(190, 0, '1496469443', 180, '0', '13', 0, 1, 16, 1),
(191, 0, '1496469611', 37.9, '', '41', 0, 10, 17, 0),
(192, 0, '1496469655', 76, '', '39', 0, 10, 17, 0),
(193, 0, '1496469697', 52.3, '', '33', 0, 10, 17, 0),
(194, 0, '1496470213', 64.1, '', '33', 0, 10, 17, 0),
(195, 0, '1496470453', 32.1, '', '33', 0, 10, 17, 0),
(196, 0, '1496470550', 180, '', '33', 0, 10, 17, 0),
(197, 0, '1496478929', 900, '0', '14', 0, 9, 18, 1),
(198, 0, '1496483419', 180, '0', '7', 0, 3, 19, 1),
(199, 0, '1496492872', 60, '', '6', 0, 1, 20, 0),
(200, 0, '1496492971', 60, '', '5', 0, 2, 21, 0),
(201, 0, '1496493141', 60, '', '5', 0, 2, 22, 0),
(202, 0, '1496493457', 120, '', '2', 0, 1, 23, 0),
(203, 0, '1496493525', 60, '', '6', 0, 1, 23, 0);

-- --------------------------------------------------------

--
-- Table structure for table `transactions`
--

CREATE TABLE `transactions` (
  `id` int(11) NOT NULL,
  `userid` int(11) NOT NULL,
  `paavudetailid` int(11) NOT NULL,
  `paavuid` int(20) NOT NULL,
  `amount` double NOT NULL,
  `paavu_amount` double NOT NULL,
  `type` varchar(50) NOT NULL,
  `voucherid` int(50) NOT NULL,
  `date` varchar(50) NOT NULL
) ENGINE=InnoDB DEFAULT CHARSET=latin1;

--
-- Dumping data for table `transactions`
--

INSERT INTO `transactions` (`id`, `userid`, `paavudetailid`, `paavuid`, `amount`, `paavu_amount`, `type`, `voucherid`, `date`) VALUES
(1, 1, 0, 1, 0, -7089, '', 0, '1496400898'),
(2, 2, 0, 3, 0, -75195, '', 0, '1496401036'),
(3, 3, 0, 5, 0, -7354, '', 0, '1496401129'),
(4, 4, 0, 7, 0, -16425, '', 0, '1496401329'),
(5, 5, 0, 9, 0, -4776, '', 0, '1496401488'),
(6, 7, 0, 11, 0, -5362, '', 0, '1496401616'),
(7, 8, 0, 13, 0, -1151, '', 0, '1496401914'),
(8, 9, 0, 15, 0, -4444, '', 0, '1496402024'),
(9, 10, 0, 17, 0, -6307, '', 0, '1496402228'),
(10, 10, 1, 0, 0, 1259.4, '', 0, '1496402316'),
(11, 11, 0, 19, 0, -9337, '', 0, '1496402749'),
(12, 11, 2, 0, 0, 541.8, '', 0, '1496403299'),
(13, 11, 3, 0, 0, 1071, '', 0, '1496403348'),
(14, 11, 4, 0, 0, 1075.5, '', 0, '1496403412'),
(15, 11, 5, 0, 0, 1073.7, '', 0, '1496403478'),
(16, 11, 6, 0, 0, 2148.3, '', 0, '1496403522'),
(17, 11, 7, 0, 0, 793.8, '', 0, '1496403599'),
(18, 11, 8, 0, 0, 1070.1, '', 0, '1496403666'),
(19, 32, 0, 23, 0, -9161, '', 0, '1496404700'),
(20, 32, 9, 0, 0, 1253, '', 0, '1496404923'),
(21, 32, 10, 0, 0, 2323.3, '', 0, '1496684020'),
(22, 32, 11, 0, 0, 1312.5, '', 0, '1496405146'),
(23, 32, 12, 0, 0, 2414.25, '', 0, '1496405204'),
(24, 28, 13, 0, 0, 0, '', 0, '1496405523'),
(25, 28, 26, 0, 0, 3190, '', 0, '1496405543'),
(26, 27, 0, 28, 0, -268, '', 0, '1496405873'),
(27, 27, 14, 0, 0, 665.55, '', 0, '1496406416'),
(28, 27, 15, 0, 0, 2644.65, '', 0, '1496406452'),
(29, 15, 0, 30, 0, -5673, '', 0, '1496406741'),
(30, 15, 16, 0, 0, 518.5, '', 0, '1496406973'),
(31, 15, 17, 0, 0, 1549.55, '', 0, '1496407018'),
(32, 15, 18, 0, 0, 777.75, '', 0, '1496407084'),
(33, 35, 19, 0, 0, 0, '', 0, '1496407359'),
(34, 35, 32, 0, 0, 682, '', 0, '1496407370'),
(35, 16, 0, 34, 0, -4605, '', 0, '1496407926'),
(36, 16, 20, 0, 0, 1134, '', 0, '1496408107'),
(37, 16, 21, 0, 0, 1606.5, '', 0, '1496408155'),
(38, 16, 22, 0, 0, 2068.5, '', 0, '1496408214'),
(39, 34, 0, 36, 0, -1914, '', 0, '1496408340'),
(40, 22, 0, 38, 0, -2588, '', 0, '1496408587'),
(41, 22, 23, 0, 0, 2038.5, '', 0, '1496408949'),
(42, 30, 0, 40, 0, -402, '', 0, '1496409387'),
(43, 29, 24, 0, 0, 0, '', 0, '1496409583'),
(44, 29, 41, 0, 0, 819, '', 0, '1496409596'),
(45, 31, 0, 43, 0, -13752, '', 0, '1496409916'),
(46, 31, 25, 0, 0, 1813, '', 0, '1496410240'),
(47, 31, 26, 0, 0, 2837.1, '', 0, '1496410290'),
(48, 31, 27, 0, 0, 2080.4, '', 0, '1496410347'),
(49, 33, 28, 0, 0, 0, '', 0, '1496411002'),
(50, 33, 46, 0, 0, 5724, '', 0, '1496411014'),
(51, 20, 29, 0, 0, 0, '', 0, '1496411249'),
(52, 20, 48, 0, 0, 7939, '', 0, '1496411263'),
(53, 20, 30, 0, 0, 1812.2, '', 0, '1496411437'),
(54, 23, 0, 50, 0, -5055, '', 0, '1496411765'),
(55, 23, 31, 0, 0, 1095, '', 0, '1496411909'),
(56, 23, 32, 0, 0, 2396.25, '', 0, '1496411943'),
(57, 23, 33, 0, 0, 1327.5, '', 0, '1496412099'),
(58, 23, 34, 0, 0, 2223, '', 0, '1496412133'),
(59, 23, 0, 0, 4500, 0, '', 1, '1496412250'),
(60, 24, 0, 53, 0, -16155, '', 0, '1496412531'),
(61, 21, 0, 55, 0, -3375, '', 0, '1496412917'),
(62, 21, 35, 0, 0, 1773.1, '', 0, '1496413061'),
(63, 21, 36, 0, 0, 1291.15, '', 0, '1496413105'),
(64, 17, 0, 57, 0, -25706, '', 0, '1496413581'),
(65, 17, 37, 0, 0, 386.4, '', 0, '1496413814'),
(66, 17, 38, 0, 0, 3446.4, '', 0, '1496413854'),
(67, 17, 39, 0, 0, 3050.4, '', 0, '1496414034'),
(68, 17, 40, 0, 0, 1864.8, '', 0, '1496414216'),
(69, 26, 41, 0, 0, 0, '', 0, '1496458291'),
(70, 26, 60, 0, 0, 148, '', 0, '1496458303'),
(71, 26, 42, 0, 0, 0, '', 0, '1496458446'),
(72, 12, 0, 62, 0, -8033, '', 0, '1496458653'),
(73, 12, 43, 0, 0, 2339.1, '', 0, '1496458831'),
(74, 12, 44, 0, 0, 5114.7, '', 0, '1496458866'),
(75, 18, 45, 0, 0, 0, '', 0, '1496459099'),
(76, 18, 65, 0, 0, 41092, '', 0, '1496459124'),
(77, 18, 46, 0, 0, 0, '', 0, '1496459340'),
(78, 18, 47, 0, 0, 6361, '', 0, '1496459482'),
(79, 25, 0, 69, 0, -1735, '', 0, '1496459870'),
(80, 25, 48, 0, 0, 1195.6, '', 0, '1496460144'),
(81, 25, 49, 0, 0, 1806, '', 0, '1496460180'),
(82, 37, 50, 0, 0, 0, '', 0, '1496460376'),
(83, 37, 71, 0, 0, 120, '', 0, '1496460386'),
(84, 19, 0, 73, 0, -15564, '', 0, '1496460637'),
(85, 17, 51, 0, 0, 0, '', 0, '1496461077'),
(86, 13, 0, 76, 0, -11288, '', 0, '1496461655'),
(87, 13, 52, 0, 0, 2997.9, '', 0, '1496461826'),
(88, 13, 53, 0, 0, 2281.5, '', 0, '1496461852'),
(89, 14, 0, 80, 0, -14146, '', 0, '1496462114'),
(90, 14, 54, 0, 0, 768.4, '', 0, '1496462219'),
(91, 14, 55, 0, 0, 2760.8, '', 0, '1496462244'),
(92, 14, 56, 0, 0, 2244, '', 0, '1496462268'),
(93, 14, 57, 0, 0, 1799.45, '', 0, '1496462289'),
(94, 14, 58, 0, 0, 1537.65, '', 0, '1496464287'),
(95, 14, 59, 0, 0, 1763.75, '', 0, '1496464317'),
(96, 6, 60, 0, 0, 0, '', 0, '1496464546'),
(97, 6, 84, 0, 0, 966, '', 0, '1496464554'),
(98, 6, 61, 0, 0, 2958.9, '', 0, '1496464788'),
(99, 37, 0, 0, 12000, 0, '', 209, '1496465135'),
(100, 36, 0, 86, 0, -39039, '', 0, '1496469340'),
(101, 36, 62, 0, 0, 307, '', 0, '1496469736'),
(102, 36, 63, 0, 0, 7192, '', 0, '1496469941'),
(103, 36, 64, 0, 0, 4109, '', 0, '1496470595'),
(104, 38, 0, 0, 20000, 0, '', 210, '1496471435'),
(105, 20, 0, 0, 8000, 0, '', 211, '1496471464'),
(106, 15, 65, 0, 0, 2334.95, '', 0, '1496471779'),
(107, 26, 66, 0, 0, 278.1, '', 0, '1496471993'),
(108, 33, 67, 0, 0, 2482.5, '', 0, '1496472233'),
(109, 3, 68, 0, 0, 5571, '', 0, '1496472595'),
(110, 8, 69, 0, 0, 1910, '', 0, '1496472722'),
(111, 11, 70, 0, 0, 1616.4, '', 0, '1496473086'),
(112, 11, 71, 0, 0, 1328.4, '', 0, '1496473350'),
(113, 13, 0, 0, 2000, 0, '', 212, '1496473820'),
(114, 18, 0, 0, 19000, 0, '', 213, '1496474215'),
(115, 18, 0, 0, 19000, 0, '', 214, '1496474252'),
(116, 18, 0, 0, 3092, 0, '', 215, '1496474475'),
(117, 11, 0, 0, 4000, 0, '', 216, '1496475149'),
(118, 19, 72, 0, 0, 3880.8, '', 0, '1496475630'),
(119, 28, 0, 0, 3190, 0, '', 217, '1496475822'),
(120, 28, 0, 0, 2000, 0, '', 218, '1496476017'),
(121, 4, 73, 0, 0, 3608.5, '', 0, '1496476312'),
(122, 39, 0, 0, 2500, 0, '', 219, '1496485172'),
(123, 29, 0, 0, 4000, 0, '', 220, '1496486531'),
(124, 14, 0, 0, 4000, 0, '', 221, '1496486904'),
(125, 4, 0, 0, 4000, 0, '', 222, '1496487537'),
(126, 5, 0, 0, 5000, 0, '', 223, '1496487615'),
(127, 7, 0, 0, 5000, 0, '', 224, '1496487636'),
(128, 22, 0, 0, 3400, 0, '', 225, '1496490684'),
(129, 6, 0, 0, 8000, 0, '', 226, '1496495183');

-- --------------------------------------------------------

--
-- Table structure for table `users`
--

CREATE TABLE `users` (
  `id` int(50) NOT NULL,
  `name` varchar(50) CHARACTER SET utf8 COLLATE utf8_bin NOT NULL,
  `emailid` varchar(50) CHARACTER SET utf8 COLLATE utf8_bin NOT NULL,
  `mobileno` varchar(50) NOT NULL,
  `address` varchar(150) CHARACTER SET utf16 COLLATE utf16_bin NOT NULL,
  `date` varchar(50) CHARACTER SET utf8 COLLATE utf8_bin NOT NULL
) ENGINE=InnoDB DEFAULT CHARSET=latin1;

--
-- Dumping data for table `users`
--

INSERT INTO `users` (`id`, `name`, `emailid`, `mobileno`, `address`, `date`) VALUES
(1, 'TMS Tex', '', '9442781020', 'Gurusamipalayam', '1496331572'),
(2, 'Mohan Tex', '', '7502113844', 'Gurusamipalayam\r\n', '1496331610'),
(3, 'Vimala Tex', '', '9095290418', 'Gurusamipalayam\r\n', '1496331625'),
(4, 'Kavitha Tex', '', '9715749034', 'Gurusamipalayam\r\n', '1496331641'),
(5, 'Saravanan Tex', '', '9578950635', 'Gurusamipalayam\r\n', '1496331699'),
(6, 'Selvi Tex', '', '9894628531', 'Gurusamipalayam\r\n', '1496331777'),
(7, 'Kandasamy Tex', '', '9842202170', 'Gurusamipalayam\r\n', '1496331848'),
(8, 'Hariharan Tex', '', '1', 'Gurusamipalayam\r\n', '1496331934'),
(9, 'Shanthi Tex', '', '9976109024', 'Gurusamipalayam\r\n', '1496331973'),
(10, 'Annamar Tex', '', '8190029090', 'Thoppampatti\r\n', '1496332011'),
(11, 'Deepika Tex', '', '9976399926', 'Naranavalasu\r\n', '1496332044'),
(12, 'Rathi Tex', '', '9003324084', 'Ellamedu\r\n', '1496332240'),
(13, 'Ponnachiamman Tex', '', '9445490765', 'Mettur\r\n', '1496332281'),
(14, 'Kavin Tex', '', '9944765356', 'Maylirangam\r\n', '1496332311'),
(15, 'Kandiamman Tex', '', '0', 'Orathupalayam\r\n', '1496332338'),
(16, 'PRT Tex', '', '9715146866', 'Perumalpalayam\r\n', '1496332380'),
(17, 'Priya Tex', '', '9629433693', 'Vellakovil\r\n', '1496332431'),
(18, 'Theivam Tex', '', '9865667688', 'Vellakovil\r\n', '1496332458'),
(19, 'SenthilMurugan Tex', '', '9750890334', 'Kidaikarampalayam\r\n', '1496332485'),
(20, 'Palanivel Tex', '', '9443757425', 'Meenachivalasu\r\n', '1496332531'),
(21, 'S.P Tex', '', '9442596923', 'Meenachivalasu\r\n', '1496332561'),
(22, 'Laxshmi Tex', '', '8344850279', 'Vellakovil\r\n', '1496332592'),
(23, 'Nithya Tex', '', '9952866499', 'Servakaranpalayam\r\n', '1496332619'),
(24, 'Karuppusamy Tex', '', '9786808631', 'Kidaikaranpalayam\r\n', '1496332655'),
(25, 'M.M Tex', '', '9629690026', 'Vellakovil\r\n', '1496332683'),
(26, 'Annuramman Tex', '', '9865019473', 'Vellakovil\r\n', '1496332712'),
(27, 'Venkateshwara Tex', '', '9789460122', 'Vellakovil\r\n', '1496332748'),
(28, 'Sivaranjini Tex', '', '9865485126', 'Vellakovil\r\n', '1496332777'),
(29, 'Moorthy Tex', '', '9865183121', 'Vellakovil\r\n\r\n\r\n', '1496332847'),
(30, 'Aandavar Tex', '', '9715283403', 'Vellakovil\r\n', '1496332875'),
(31, 'Annai Tex', '', '9489813351', 'Servakaranpalayam\r\n', '1496332905'),
(32, 'Mathi Tex', '', '8098735151', 'Athipalayam pudur\r\n', '1496332952'),
(33, 'Gopinath', '', '9751004006', 'Molapalayam\r\n', '1496332986'),
(34, 'P.Kumar Tex', '', '9442208586', 'Gurusamipalayam\r\n', '1496333022'),
(35, 'Saraswathi Tex', '', '1', 'Manallur', '1496407282'),
(36, 'A.P Tex', '', '1', 'A', '1496410579'),
(37, 'Thenmozhi Tex', '', '1', 'Gurusamipalayam', '1496460306'),
(38, 'Kathiresan', '', '1', 'Karur', '1496471410'),
(39, 'SELLANDIAMMAN TEX', '', '8675534393', 'VELLAKOVIL', '1496485139');

-- --------------------------------------------------------

--
-- Table structure for table `yarns`
--

CREATE TABLE `yarns` (
  `id` int(10) NOT NULL,
  `name` varchar(50) NOT NULL,
  `address` varchar(50) NOT NULL,
  `date` varchar(50) NOT NULL
) ENGINE=InnoDB DEFAULT CHARSET=latin1;

--
-- Dumping data for table `yarns`
--

INSERT INTO `yarns` (`id`, `name`, `address`, `date`) VALUES
(1, 'Lotus Agency', 'Karur', '1496334369'),
(2, 'P.S.G Yarn Traders', 'Karur', '1496334384'),
(3, 'SPR Yarn Agenncy', 'Vellakovil', '1496334418'),
(4, 'Sri Pillayaar Tex', 'Tirupur', '1496334442'),
(5, 'Mehra Poly Tex India Pvt Ltd', 'Silvassa', '1496334473'),
(6, 'Wellknown polysters Ltd', 'Daman', '1496334497'),
(7, 'Thilaga Traders', 'Karur', '1496334512'),
(8, 'Aathika Traders', 'Karur', '1496334526'),
(9, 'New Star Spinning Mill', 'Vellakovil', '1496334548'),
(10, 'Transfer', 'Karur', '1496400854');

--
-- Indexes for dumped tables
--

--
-- Indexes for table `color`
--
ALTER TABLE `color`
  ADD PRIMARY KEY (`id`);

--
-- Indexes for table `designs`
--
ALTER TABLE `designs`
  ADD PRIMARY KEY (`id`);

--
-- Indexes for table `paavudetails`
--
ALTER TABLE `paavudetails`
  ADD PRIMARY KEY (`id`);

--
-- Indexes for table `paavus`
--
ALTER TABLE `paavus`
  ADD PRIMARY KEY (`id`);

--
-- Indexes for table `returnpavudetails`
--
ALTER TABLE `returnpavudetails`
  ADD PRIMARY KEY (`id`);

--
-- Indexes for table `threads`
--
ALTER TABLE `threads`
  ADD PRIMARY KEY (`id`);

--
-- Indexes for table `transactions`
--
ALTER TABLE `transactions`
  ADD PRIMARY KEY (`id`);

--
-- Indexes for table `users`
--
ALTER TABLE `users`
  ADD PRIMARY KEY (`id`);

--
-- Indexes for table `yarns`
--
ALTER TABLE `yarns`
  ADD PRIMARY KEY (`id`);

--
-- AUTO_INCREMENT for dumped tables
--

--
-- AUTO_INCREMENT for table `color`
--
ALTER TABLE `color`
  MODIFY `id` int(50) NOT NULL AUTO_INCREMENT, AUTO_INCREMENT=42;
--
-- AUTO_INCREMENT for table `designs`
--
ALTER TABLE `designs`
  MODIFY `id` int(11) NOT NULL AUTO_INCREMENT, AUTO_INCREMENT=19;
--
-- AUTO_INCREMENT for table `paavudetails`
--
ALTER TABLE `paavudetails`
  MODIFY `id` int(11) NOT NULL AUTO_INCREMENT, AUTO_INCREMENT=204;
--
-- AUTO_INCREMENT for table `paavus`
--
ALTER TABLE `paavus`
  MODIFY `id` int(50) NOT NULL AUTO_INCREMENT, AUTO_INCREMENT=91;
--
-- AUTO_INCREMENT for table `returnpavudetails`
--
ALTER TABLE `returnpavudetails`
  MODIFY `id` int(10) NOT NULL AUTO_INCREMENT, AUTO_INCREMENT=74;
--
-- AUTO_INCREMENT for table `threads`
--
ALTER TABLE `threads`
  MODIFY `id` int(50) NOT NULL AUTO_INCREMENT, AUTO_INCREMENT=204;
--
-- AUTO_INCREMENT for table `transactions`
--
ALTER TABLE `transactions`
  MODIFY `id` int(11) NOT NULL AUTO_INCREMENT, AUTO_INCREMENT=130;
--
-- AUTO_INCREMENT for table `users`
--
ALTER TABLE `users`
  MODIFY `id` int(50) NOT NULL AUTO_INCREMENT, AUTO_INCREMENT=40;
--
-- AUTO_INCREMENT for table `yarns`
--
ALTER TABLE `yarns`
  MODIFY `id` int(10) NOT NULL AUTO_INCREMENT, AUTO_INCREMENT=11;
/*!40101 SET CHARACTER_SET_CLIENT=@OLD_CHARACTER_SET_CLIENT */;
/*!40101 SET CHARACTER_SET_RESULTS=@OLD_CHARACTER_SET_RESULTS */;
/*!40101 SET COLLATION_CONNECTION=@OLD_COLLATION_CONNECTION */;
