-- phpMyAdmin SQL Dump
-- version 4.5.1
-- http://www.phpmyadmin.net
--
-- Host: 127.0.0.1
-- Generation Time: Mar 24, 2018 at 08:24 AM
-- Server version: 10.1.13-MariaDB
-- PHP Version: 5.5.35

SET SQL_MODE = "NO_AUTO_VALUE_ON_ZERO";
SET time_zone = "+00:00";


/*!40101 SET @OLD_CHARACTER_SET_CLIENT=@@CHARACTER_SET_CLIENT */;
/*!40101 SET @OLD_CHARACTER_SET_RESULTS=@@CHARACTER_SET_RESULTS */;
/*!40101 SET @OLD_COLLATION_CONNECTION=@@COLLATION_CONNECTION */;
/*!40101 SET NAMES utf8mb4 */;

--
-- Database: `agtext`
--

-- --------------------------------------------------------

--
-- Table structure for table `color`
--

CREATE TABLE `color` (
  `id` int(50) NOT NULL,
  `name` text CHARACTER SET utf8 COLLATE utf8_bin NOT NULL,
  `date` varchar(50) CHARACTER SET latin1 NOT NULL
) ENGINE=InnoDB DEFAULT CHARSET=utf16;

--
-- Dumping data for table `color`
--

INSERT INTO `color` (`id`, `name`, `date`) VALUES
(1, '10-Red-&#2970;&#3007;&#2997;&#2986;&#3021;&#2986;&#3009;', '1496334580'),
(2, '10-R Blue-R &#2986;&#3009;&#2995;&#3009;', '1496335755'),
(3, '10-T Blue-T &#2986;&#3009;&#2995;&#3009;', '1496335795'),
(4, '10-N Blue-N &#2986;&#3009;&#2995;&#3009;', '1496335817'),
(5, '10-Maroon-&#2990;&#2992;&#3010;&#2985;&#3021;', '1496335923'),
(6, '10-Lemon Yellow-L &#2990;&#2974;&#3021;&#2970;&#2995;&#3021;', '1496335988'),
(7, '10-White-&#2970;&#2994;&#2997;&#3016;', '1496336058'),
(8, '10-Black-&#2965;&#2992;&#3009;&#2986;&#3021;&#2986;&#3009;', '1496336097'),
(9, '10-Golden Yellow-G &#2990;&#2974;&#3021;&#2970;&#2995;&#3021;', '1496336137'),
(10, '10-coppie-&#2965;&#3006;&#2986;&#3021;&#2986;&#3007;', '1496336193'),
(11, '10 Lemon Orange-L &#2950;&#2992;&#2974;&#3021;&#2970;&#3009;', '1496336238'),
(12, '10-Green-&#2986;&#2970;&#3021;&#2970;&#3016;', '1496336291'),
(13, '6-White-&#2970;&#2994;&#2997;&#3016;', '1496336345'),
(14, '6-Black-&#2965;&#2992;&#3009;&#2986;&#3021;&#2986;&#3009;', '1496336382'),
(15, '6-Red-&#2970;&#3007;&#2997;&#2986;&#3021;&#2986;&#3009;', '1496336430'),
(16, '6-Maroon-&#2990;&#2992;&#3010;&#2985;&#3021;', '1496336479'),
(17, '6-Coppie-&#2965;&#3006;&#2986;&#3021;&#2986;&#3007;', '1496336530'),
(18, '6-Green-&#2986;&#2970;&#3021;&#2970;&#3016;', '1496336560'),
(19, '6-R Blue-R &#2986;&#3009;&#2995;&#3009;', '1496336615'),
(20, '150-Poly Black', '1496336643'),
(21, '150-Poly Gray', '1496336946'),
(22, '150-Poly Maroon', '1496336985'),
(23, '150-Poly R Blue', '1496337007'),
(24, '150-Poly Red', '1496337085'),
(25, '150-Poly Coppie', '1496337114'),
(26, '150-Poly Sammanki', '1496337164'),
(27, '300-Poly Red', '1496337192'),
(28, '300-Poly S Blue', '1496337231'),
(29, '300-Poly N Brown', '1496337260'),
(30, '300-Poly Gold', '1496337287'),
(31, '300-Poly Green', '1496337320'),
(32, '300-Poly Maroon', '1496337375'),
(33, 'Transfer', '1496337473'),
(34, '300-Poly D Yellow (A)', '1496403015'),
(35, '300-Poly Black (A)', '1496403047'),
(36, '300-Poly Red (A)', '1496404262'),
(37, '300-Poly White (A)', '1496406258'),
(38, '300-Poly Maroon (A)', '1496406286'),
(39, '300-Poly D Blue (A)', '1496408775'),
(40, '300-Coppie (A)', '1496412638'),
(41, '150-Poly Sammanki (A)', '1496469566'),
(42, '150-Poly Black (A)', '1497277505'),
(43, '300-Poly S-Blue (A)', '1497278072'),
(44, '150 POLY BLACK-(D)', '1500893785'),
(45, '300-POLY RED(D)', '1500893871'),
(46, '300-POLY F GREEN(D)', '1500893934'),
(47, '300-POLY S BLUE(D)', '1500893991'),
(48, '300-POLY F ORANGE(D)', '1500894019'),
(49, '300-POLY GOLD(D)', '1500894116'),
(50, '300-POLY VOILET (D)', '1500894143');

-- --------------------------------------------------------

--
-- Table structure for table `coloramount`
--

CREATE TABLE `coloramount` (
  `id` int(20) NOT NULL,
  `yarnid` int(20) NOT NULL,
  `color` int(20) NOT NULL,
  `kg` double NOT NULL,
  `price` double NOT NULL,
  `date` varchar(50) NOT NULL
) ENGINE=InnoDB DEFAULT CHARSET=utf8;

--
-- Dumping data for table `coloramount`
--

INSERT INTO `coloramount` (`id`, `yarnid`, `color`, `kg`, `price`, `date`) VALUES
(1, 1, 1, 180, 92, '1509922800'),
(2, 1, 2, 120, 71, '1509922800'),
(3, 1, 6, 60, 92, '1509922800'),
(4, 2, 27, 180, 92, '1509922800'),
(5, 2, 28, 120, 71, '1509922800'),
(6, 2, 30, 60, 92, '1509922800'),
(7, 3, 20, 1000, 110, '1512601200'),
(8, 4, 14, 300, 58, '1512601200'),
(9, 5, 13, 120, 90, '1512514800');

-- --------------------------------------------------------

--
-- Table structure for table `designs`
--

CREATE TABLE `designs` (
  `id` int(11) NOT NULL,
  `name` varchar(50) NOT NULL,
  `date` varchar(100) NOT NULL
) ENGINE=InnoDB DEFAULT CHARSET=latin1;

--
-- Dumping data for table `designs`
--

INSERT INTO `designs` (`id`, `name`, `date`) VALUES
(1, '40-Checked', '1496333201'),
(2, '48-Checked', '1496333236'),
(3, '54-Checked', '1496333261'),
(4, '56-Checked', '1496333329'),
(5, '48-Lalbag Jacd', '1496333433'),
(6, '54-Lalbag Jacd', '1496333478'),
(7, '60-Lalbag Jacd', '1496333551'),
(8, '63-Lalbag Jacd', '1496333575'),
(9, '74-Lalbag Jacd', '1496333625'),
(10, '48-Kamal Jacd', '1496333671'),
(11, '54-Kamal Jacd', '1496333696'),
(12, '63-Kamal Jacd', '1496333720'),
(13, '60-Sixer Jacd', '1496333740'),
(14, '63-Sixer Jacd', '1496333856'),
(15, '56-Omega Jacd', '1496333889'),
(16, '54-Reliance', '1496333914'),
(17, '90-Poly Mini Check', '1496333947'),
(18, '45-Prem Patta Spl', '1496464505'),
(19, '54-Lotus spl', '1497093658'),
(20, '60-Lalbag patta jacd', '1497275845'),
(21, '74"sixer jacd', '1503396799'),
(22, '90"COTTON MINI CHECK', '1505218471');

-- --------------------------------------------------------

--
-- Table structure for table `paavudetails`
--

CREATE TABLE `paavudetails` (
  `id` int(11) NOT NULL,
  `paavuid` int(11) NOT NULL,
  `carry_paavuid` int(10) NOT NULL,
  `kg` double NOT NULL,
  `color` int(11) NOT NULL,
  `date` varchar(50) NOT NULL,
  `printno` int(20) NOT NULL,
  `threadid` int(20) NOT NULL,
  `yarnprintno` int(20) NOT NULL
) ENGINE=InnoDB DEFAULT CHARSET=latin1;

--
-- Dumping data for table `paavudetails`
--

INSERT INTO `paavudetails` (`id`, `paavuid`, `carry_paavuid`, `kg`, `color`, `date`, `printno`, `threadid`, `yarnprintno`) VALUES
(1, 1, 0, 1, 33, '1496400879', 0, 1, 0),
(2, 2, 0, 1126, 33, '1496400933', 0, 2, 0),
(3, 3, 0, 1, 33, '1496401020', 0, 3, 0),
(4, 4, 0, 2532.4, 33, '1496401066', 0, 4, 0),
(5, 5, 0, 1, 33, '1496401117', 0, 5, 0),
(6, 6, 0, 894.4, 33, '1496401169', 0, 6, 0),
(7, 7, 0, 1, 33, '1496401294', 0, 7, 0),
(8, 8, 0, 1979.1, 33, '1496401404', 0, 8, 0),
(9, 9, 0, 1, 33, '1496401463', 0, 9, 0),
(10, 10, 0, 989.7, 33, '1496401524', 0, 10, 0),
(11, 11, 0, 1, 33, '1496401599', 0, 11, 0),
(12, 12, 0, 869.7, 33, '1496401663', 0, 12, 0),
(13, 13, 0, 1, 33, '1496401873', 0, 13, 0),
(14, 14, 0, 202.7, 33, '1496401943', 0, 14, 0),
(15, 15, 0, 1, 33, '1496401980', 0, 15, 0),
(16, 16, 0, 1219.8, 33, '1496402075', 0, 16, 0),
(17, 17, 0, 1, 33, '1496402191', 0, 17, 0),
(18, 18, 0, 456.1, 33, '1496402259', 0, 18, 0),
(19, 19, 0, 1, 33, '1496402697', 0, 19, 0),
(20, 20, 0, 55.1, 34, '1496403085', 0, 20, 0),
(21, 20, 0, 55.1, 35, '1496403113', 0, 21, 0),
(22, 20, 0, 90, 8, '1496403214', 0, 22, 0),
(23, 20, 0, 90, 9, '1496403255', 0, 23, 0),
(24, 21, 0, 30, 8, '1496403937', 0, 24, 0),
(25, 21, 0, 30, 9, '1496403952', 0, 25, 0),
(26, 21, 0, 54.7, 34, '1496404017', 0, 26, 0),
(27, 21, 0, 54.7, 35, '1496404074', 0, 27, 0),
(28, 21, 0, 60, 8, '1496404122', 0, 28, 0),
(29, 21, 0, 60, 6, '1496404172', 0, 29, 0),
(30, 22, 0, 185.6, 33, '1496404376', 0, 30, 0),
(31, 22, 0, 54.05, 36, '1496404415', 0, 31, 0),
(32, 22, 0, 54.05, 35, '1496404435', 0, 32, 0),
(33, 23, 0, 1, 33, '1496404685', 0, 33, 0),
(34, 24, 0, 180, 14, '1496404806', 0, 34, 0),
(35, 24, 0, 54, 27, '1496404828', 0, 35, 0),
(36, 24, 0, 27, 20, '1496404852', 0, 36, 0),
(37, 25, 0, 62, 27, '1496405026', 0, 37, 0),
(38, 25, 0, 31, 20, '1496405046', 0, 38, 0),
(39, 25, 0, 120, 14, '1496405071', 0, 39, 0),
(40, 25, 0, 7.3, 33, '1496405098', 0, 40, 0),
(41, 27, 0, 63.1, 30, '1496405641', 0, 41, 0),
(42, 27, 0, 31.6, 20, '1496405675', 0, 42, 0),
(43, 27, 0, 60, 14, '1496405715', 0, 43, 0),
(44, 27, 0, 13.2, 33, '1496405730', 0, 44, 0),
(45, 28, 0, 1, 33, '1496405861', 0, 45, 0),
(46, 29, 0, 120, 14, '1496406160', 0, 46, 0),
(47, 29, 0, 60, 13, '1496406175', 0, 47, 0),
(48, 29, 0, 53.7, 37, '1496406321', 0, 48, 0),
(49, 29, 0, 53.7, 38, '1496406347', 0, 49, 0),
(50, 29, 0, 27.1, 33, '1496406364', 0, 50, 0),
(51, 30, 0, 1, 33, '1496406722', 0, 51, 0),
(52, 31, 0, 90, 1, '1496406780', 0, 52, 0),
(53, 31, 0, 90, 8, '1496406797', 0, 53, 0),
(54, 31, 0, 53.35, 36, '1496406868', 0, 54, 0),
(55, 31, 0, 53.35, 35, '1496406895', 0, 55, 0),
(56, 31, 0, 47.9, 33, '1496406917', 0, 56, 0),
(57, 33, 0, 60, 1, '1496407406', 0, 57, 0),
(58, 33, 0, 60, 8, '1496407420', 0, 58, 0),
(59, 33, 0, 53.95, 36, '1496407596', 0, 59, 0),
(60, 33, 0, 53.95, 35, '1496407635', 0, 60, 0),
(61, 34, 0, 1, 33, '1496407889', 0, 61, 0),
(62, 35, 0, 180, 14, '1496407970', 0, 62, 0),
(63, 35, 0, 64, 27, '1496408035', 0, 63, 0),
(64, 35, 0, 32, 20, '1496408051', 0, 64, 0),
(65, 36, 0, 1, 33, '1496408332', 0, 65, 0),
(66, 37, 0, 378.9, 33, '1496408383', 0, 66, 0),
(67, 38, 0, 1, 33, '1496408572', 0, 67, 0),
(68, 39, 0, 53, 37, '1496408726', 0, 68, 0),
(69, 39, 0, 53, 39, '1496408816', 0, 69, 0),
(70, 39, 0, 60, 13, '1496408842', 0, 70, 0),
(71, 39, 0, 60, 14, '1496408856', 0, 71, 0),
(72, 39, 0, 87.2, 33, '1496408905', 0, 72, 0),
(73, 40, 0, 1, 33, '1496409362', 0, 73, 0),
(74, 42, 0, 43.7, 20, '1496409689', 0, 74, 0),
(75, 42, 0, 43.7, 25, '1496409713', 0, 75, 0),
(76, 43, 0, 1, 33, '1496409887', 0, 76, 0),
(77, 44, 0, 180, 14, '1496409978', 0, 77, 0),
(78, 44, 0, 54.8, 28, '1496410045', 0, 78, 0),
(79, 44, 0, 27.4, 20, '1496410121', 0, 79, 0),
(80, 45, 0, 58.4, 33, '1496410378', 0, 80, 0),
(81, 45, 0, 60, 14, '1496410398', 0, 81, 0),
(82, 45, 0, 53.5, 29, '1496410434', 0, 82, 0),
(83, 45, 0, 26.8, 20, '1496410457', 0, 83, 0),
(84, 47, 0, 63.4, 28, '1496411066', 0, 84, 0),
(85, 47, 0, 31.7, 20, '1496411086', 0, 85, 0),
(86, 47, 0, 120, 14, '1496411122', 0, 86, 0),
(87, 49, 0, 42.15, 23, '1496411346', 0, 87, 0),
(88, 49, 0, 42.15, 20, '1496411372', 0, 88, 0),
(89, 49, 0, 60, 13, '1496411403', 0, 89, 0),
(90, 50, 0, 1, 33, '1496411739', 0, 90, 0),
(91, 51, 0, 180, 14, '1496411813', 0, 91, 0),
(92, 51, 0, 62, 27, '1496411829', 0, 92, 0),
(93, 51, 0, 31, 20, '1496411852', 0, 93, 0),
(94, 52, 0, 63, 29, '1496412015', 0, 94, 0),
(95, 52, 0, 31.5, 20, '1496412039', 0, 95, 0),
(96, 52, 0, 120, 14, '1496412059', 0, 96, 0),
(97, 53, 0, 1, 33, '1496412509', 0, 97, 0),
(98, 54, 0, 37.7, 26, '1496412578', 0, 98, 0),
(99, 54, 0, 75.4, 40, '1496412683', 0, 99, 0),
(100, 54, 0, 137.9, 33, '1496412747', 0, 100, 0),
(101, 55, 0, 1, 33, '1496412890', 0, 101, 0),
(102, 56, 0, 180, 13, '1496412972', 0, 102, 0),
(103, 56, 0, 45.75, 20, '1496413001', 0, 103, 0),
(104, 56, 0, 45.75, 24, '1496413025', 0, 104, 0),
(105, 57, 0, 1, 33, '1496413571', 0, 105, 0),
(106, 58, 0, 240, 14, '1496413666', 0, 106, 0),
(107, 58, 0, 85.2, 27, '1496413685', 0, 107, 0),
(108, 58, 0, 42.6, 20, '1496413709', 0, 108, 0),
(109, 59, 0, 85.9, 28, '1496414137', 0, 109, 0),
(110, 59, 0, 43, 20, '1496414160', 0, 110, 0),
(111, 59, 0, 120, 14, '1496414181', 0, 111, 0),
(112, 61, 0, 43.55, 22, '1496458366', 9, 112, 0),
(113, 61, 0, 43.55, 20, '1496458385', 9, 113, 0),
(114, 62, 0, 1, 33, '1496458644', 3, 114, 0),
(115, 63, 0, 54.2, 35, '1496458718', 3, 115, 0),
(116, 63, 0, 54.2, 35, '1496458743', 3, 116, 0),
(117, 63, 0, 90, 1, '1496458781', 3, 117, 0),
(118, 63, 0, 90, 8, '1496458796', 3, 118, 0),
(119, 64, 0, 129.45, 33, '1496458926', 3, 119, 0),
(120, 64, 0, 16.8, 33, '1496458943', 3, 120, 0),
(121, 66, 0, 69.1, 30, '1496459172', 6, 121, 0),
(122, 66, 0, 34.5, 20, '1496459186', 6, 122, 0),
(123, 66, 0, 235.5, 14, '1496459278', 6, 123, 0),
(124, 67, 0, 68.7, 30, '1496459571', 6, 124, 0),
(125, 67, 0, 34.4, 20, '1496459595', 6, 125, 0),
(126, 67, 0, 180, 14, '1496459615', 6, 126, 0),
(127, 68, 0, 240, 14, '1496459664', 6, 127, 0),
(128, 68, 0, 73.7, 31, '1496459712', 6, 128, 0),
(129, 68, 0, 36.9, 20, '1496459727', 6, 129, 0),
(130, 69, 0, 1, 33, '1496459831', 8, 130, 0),
(131, 70, 0, 53.15, 37, '1496459972', 8, 131, 0),
(132, 70, 0, 53.15, 39, '1496459997', 8, 132, 0),
(133, 70, 0, 120, 13, '1496460015', 8, 133, 0),
(134, 70, 0, 120, 14, '1496460027', 8, 134, 0),
(135, 70, 0, 64.8, 33, '1496460059', 8, 135, 0),
(136, 72, 0, 434.9, 33, '1496460480', 11, 136, 0),
(137, 73, 0, 1, 33, '1496460618', 7, 137, 0),
(138, 74, 0, 60, 14, '1496460695', 7, 138, 0),
(139, 74, 0, 54.7, 31, '1496460719', 7, 139, 0),
(140, 74, 0, 27.3, 20, '1496460740', 7, 140, 0),
(141, 74, 0, 104.1, 33, '1496460775', 7, 141, 0),
(142, 75, 0, 60, 14, '1496460866', 7, 142, 0),
(143, 76, 0, 1, 33, '1496461634', 4, 143, 0),
(144, 77, 0, 90, 1, '1496461725', 4, 144, 0),
(145, 77, 0, 90, 8, '1496461741', 4, 145, 0),
(146, 77, 0, 53.95, 36, '1496461764', 4, 146, 0),
(147, 77, 0, 53.95, 35, '1496461786', 4, 147, 0),
(148, 78, 0, 54.85, 34, '1496461943', 4, 148, 0),
(149, 78, 0, 54.85, 35, '1496461959', 4, 149, 0),
(150, 78, 0, 30, 1, '1496461969', 4, 150, 0),
(151, 78, 0, 30, 8, '1496461982', 4, 151, 0),
(152, 79, 0, 0, 33, '1496462050', 4, 152, 0),
(153, 80, 0, 1, 33, '1496462101', 5, 153, 0),
(154, 81, 0, 54.6, 36, '1496462142', 5, 154, 0),
(155, 81, 0, 54.6, 35, '1496462155', 5, 155, 0),
(156, 81, 0, 90, 1, '1496462164', 5, 156, 0),
(157, 81, 0, 90, 8, '1496462179', 5, 157, 0),
(158, 82, 0, 54, 36, '1496464205', 5, 158, 0),
(159, 82, 0, 54, 35, '1496464219', 5, 159, 0),
(160, 82, 0, 90, 1, '1496464232', 5, 160, 0),
(161, 82, 0, 90, 8, '1496464250', 5, 161, 0),
(162, 83, 0, 53.95, 36, '1496464365', 5, 162, 0),
(163, 83, 0, 53.95, 35, '1496464391', 5, 163, 0),
(164, 83, 0, 90, 1, '1496464414', 5, 164, 0),
(165, 83, 0, 90, 8, '1496464429', 5, 165, 0),
(166, 85, 0, 1560, 33, '1496464624', 1, 166, 0),
(167, 61, 0, 180, 13, '1496465274', 9, 167, 0),
(168, 22, 0, 60, 8, '1496465391', 2, 168, 0),
(169, 42, 0, 60, 13, '1496465436', 10, 169, 0),
(170, 86, 0, 1, 33, '1496469330', 12, 189, 0),
(171, 87, 0, 180, 13, '1496469384', 12, 0, 0),
(172, 87, 0, 37.9, 41, '1496469611', 12, 191, 0),
(173, 87, 0, 76, 39, '1496469655', 12, 192, 0),
(174, 87, 0, 52.3, 33, '1496469697', 12, 193, 0),
(175, 88, 0, 64.1, 33, '1496470213', 12, 194, 0),
(176, 88, 0, 32.1, 33, '1496470453', 12, 195, 0),
(177, 88, 0, 180, 33, '1496470550', 12, 196, 0),
(178, 49, 0, 120, 13, '1496477310', 13, 0, 0),
(179, 47, 0, 60, 14, '1496479769', 14, 0, 0),
(180, 10, 0, 120, 1, '1496487791', 15, 0, 0),
(181, 10, 0, 60, 7, '1496487820', 15, 0, 0),
(182, 12, 0, 120, 8, '1496487888', 16, 0, 0),
(183, 12, 0, 120, 1, '1496487921', 16, 0, 0),
(184, 4, 0, 60, 6, '1496492872', 17, 199, 0),
(185, 4, 0, 60, 8, '1496492896', 17, 0, 0),
(186, 4, 0, 60, 7, '1496492913', 17, 0, 0),
(187, 4, 0, 120, 1, '1496492925', 17, 0, 0),
(188, 4, 0, 120, 4, '1496492941', 17, 0, 0),
(189, 4, 0, 60, 5, '1496492971', 17, 200, 0),
(190, 6, 0, 60, 5, '1496493141', 18, 201, 0),
(191, 6, 0, 60, 1, '1496493156', 18, 0, 0),
(192, 6, 0, 60, 8, '1496493171', 18, 0, 0),
(193, 85, 0, 120, 2, '1496493457', 19, 202, 0),
(194, 85, 0, 120, 1, '1496493474', 19, 0, 0),
(195, 85, 0, 60, 6, '1496493525', 19, 203, 0),
(196, 85, 0, 60, 7, '1496493539', 19, 0, 0),
(197, 25, 0, 60, 14, '1496494575', 20, 0, 0),
(198, 89, 0, 60, 14, '1496494598', 20, 0, 0),
(199, 52, 0, 60, 14, '1496494716', 21, 0, 0),
(200, 90, 0, 60, 14, '1496494736', 21, 0, 0),
(201, 45, 0, 60, 14, '1496494840', 22, 0, 0),
(202, 18, 0, 60, 1, '1496495017', 23, 0, 0),
(203, 18, 0, 60, 8, '1496495030', 23, 0, 0),
(204, 66, 0, 60, 14, '1496498826', 24, 0, 0),
(205, 68, 0, 60, 14, '1496498884', 24, 0, 0),
(206, 91, 0, 180, 14, '1496498943', 24, 0, 0),
(207, 27, 0, 120, 14, '1496501837', 25, 0, 0),
(208, 91, 0, 40, 27, '1496639827', 26, 0, 0),
(209, 91, 0, 28, 30, '1496639860', 26, 0, 0),
(210, 91, 0, 34, 20, '1496639905', 26, 0, 0),
(211, 92, 0, 70.8, 27, '1496640023', 26, 0, 0),
(212, 92, 0, 35.4, 20, '1496640053', 26, 0, 0),
(213, 93, 0, 67.8, 27, '1496640279', 26, 0, 0),
(214, 93, 0, 33.9, 20, '1496640310', 26, 0, 0),
(215, 94, 0, 40.07, 28, '1496640428', 26, 0, 0),
(216, 94, 0, 27.83, 30, '1496640453', 26, 0, 0),
(217, 94, 0, 33.9, 20, '1496640472', 26, 0, 0),
(218, 90, 0, 61.2, 27, '1496641823', 27, 0, 0),
(219, 90, 0, 30.8, 20, '1496641849', 27, 0, 0),
(220, 95, 0, 84.3, 27, '1496641969', 28, 0, 0),
(221, 95, 0, 42.2, 20, '1496641986', 28, 0, 0),
(222, 96, 0, 62, 27, '1496642117', 29, 0, 0),
(223, 96, 0, 31, 20, '1496642136', 29, 0, 0),
(224, 59, 0, 120, 14, '1496726453', 30, 0, 0),
(225, 95, 0, 180, 14, '1496726491', 30, 0, 0),
(226, 92, 0, 240, 14, '1496726579', 31, 0, 0),
(227, 93, 0, 60, 14, '1496726609', 31, 0, 0),
(228, 16, 0, 60, 1, '1496924408', 32, 0, 0),
(229, 16, 0, 60, 7, '1496924431', 32, 0, 0),
(230, 16, 0, 120, 8, '1496924458', 32, 0, 0),
(231, 16, 0, 120, 2, '1496924540', 32, 208, 0),
(232, 16, 0, 120, 5, '1496924568', 32, 209, 0),
(233, 16, 0, 120, 6, '1496924602', 32, 210, 0),
(234, 2, 0, 120, 8, '1496925054', 33, 0, 0),
(235, 2, 0, 60, 5, '1496925080', 33, 211, 0),
(236, 8, 0, 60, 2, '1496929476', 34, 212, 0),
(237, 8, 0, 60, 6, '1496929533', 34, 213, 0),
(238, 39, 0, 60, 13, '1496929841', 35, 0, 0),
(239, 39, 0, 60, 14, '1496929886', 35, 0, 0),
(240, 54, 0, 60, 13, '1497011781', 36, 0, 0),
(241, 54, 0, 31.5, 13, '1497012212', 37, 215, 0),
(242, 29, 0, 60, 14, '1497016884', 38, 0, 0),
(243, 78, 0, 101.2, 33, '1497087899', 39, 0, 0),
(244, 97, 0, 44, 33, '1497091756', 47, 219, 0),
(245, 97, 0, 43.8, 33, '1497091882', 47, 220, 0),
(246, 97, 0, 43.8, 33, '1497091905', 47, 221, 0),
(247, 97, 0, 120, 33, '1497092041', 47, 222, 0),
(248, 82, 81, 5, 0, '1497092877', 0, 0, 0),
(249, 6, 0, 60, 6, '1497097495', 40, 0, 0),
(250, 6, 0, 60, 5, '1497097650', 40, 226, 0),
(251, 6, 0, 60, 3, '1497097687', 40, 0, 0),
(252, 4, 0, 60, 6, '1497097929', 41, 0, 0),
(253, 4, 0, 60, 7, '1497097946', 41, 0, 0),
(254, 4, 0, 60, 8, '1497097957', 41, 0, 0),
(255, 4, 0, 120, 1, '1497097968', 41, 0, 0),
(256, 4, 0, 60, 2, '1497098015', 41, 0, 0),
(257, 4, 0, 60, 5, '1497098036', 41, 227, 0),
(258, 85, 0, 120, 7, '1497099153', 42, 0, 0),
(259, 85, 0, 60, 6, '1497099163', 42, 0, 0),
(260, 85, 0, 60, 2, '1497099172', 42, 0, 0),
(261, 85, 0, 120, 1, '1497099181', 42, 0, 0),
(262, 4, 0, 60, 8, '1497101530', 43, 0, 0),
(263, 10, 0, 30, 7, '1497103168', 44, 0, 0),
(264, 10, 0, 120, 1, '1497103211', 44, 0, 0),
(265, 12, 0, 30, 7, '1497103279', 45, 0, 0),
(266, 12, 0, 120, 3, '1497103292', 45, 0, 0),
(267, 12, 0, 60, 8, '1497103307', 45, 0, 0),
(268, 37, 0, 120, 4, '1497103418', 46, 0, 0),
(269, 22, 0, 60, 1, '1497269583', 48, 0, 0),
(270, 22, 0, 60, 8, '1497269623', 48, 0, 0),
(271, 78, 0, 60, 9, '1497269780', 49, 0, 0),
(272, 78, 0, 60, 8, '1497269818', 49, 0, 0),
(273, 78, 0, 20, 1, '1497269830', 49, 0, 0),
(274, 98, 0, 61.9, 28, '1497271070', 51, 0, 0),
(275, 98, 0, 30.9, 20, '1497271111', 51, 0, 0),
(276, 99, 0, 0, 30, '1497271241', 50, 0, 0),
(277, 99, 0, 0, 20, '1497271274', 50, 0, 0),
(278, 100, 0, 42.25, 25, '1497271563', 52, 0, 0),
(279, 100, 0, 42.25, 20, '1497271581', 52, 0, 0),
(280, 101, 0, 72, 27, '1497271728', 53, 0, 0),
(281, 101, 0, 36, 20, '1497271746', 53, 0, 0),
(282, 102, 0, 72, 27, '1497272238', 54, 0, 0),
(283, 102, 0, 36, 20, '1497272254', 54, 0, 0),
(284, 103, 0, 84.6, 27, '1497272320', 54, 0, 0),
(285, 103, 0, 42.3, 20, '1497272351', 54, 0, 0),
(286, 104, 0, 35.2, 42, '1497277603', 55, 230, 0),
(287, 104, 0, 70.4, 36, '1497277637', 55, 231, 0),
(288, 106, 0, 35.3, 42, '1497277952', 55, 232, 0),
(289, 106, 0, 70.7, 43, '1497278130', 55, 233, 0),
(290, 90, 0, 120, 14, '1497354538', 56, 0, 0),
(291, 18, 0, 10.5, 6, '1497354590', 57, 0, 0),
(292, 95, 0, 60, 14, '1497355028', 58, 0, 0),
(293, 102, 0, 180, 14, '1497355067', 58, 0, 0),
(294, 8, 0, 120, 1, '1497358328', 59, 0, 0),
(295, 8, 0, 60, 8, '1497358347', 59, 0, 0),
(296, 63, 0, 10, 1, '1497362560', 60, 0, 0),
(297, 93, 0, 120, 14, '1497363117', 61, 0, 0),
(298, 94, 0, 60, 14, '1497363138', 61, 0, 0),
(299, 96, 0, 60, 14, '1497428592', 62, 0, 0),
(300, 89, 0, 31.2, 20, '1497437476', 0, 0, 0),
(301, 89, 0, 62.5, 30, '1497437496', 0, 0, 0),
(302, 64, 0, 60, 8, '1497442854', 63, 0, 0),
(303, 108, 0, 31.5, 33, '1497690946', 0, 0, 0),
(304, 42, 0, 120, 13, '1497699786', 64, 0, 0),
(305, 85, 0, 120, 7, '1497701628', 65, 0, 0),
(306, 85, 0, 120, 1, '1497701693', 65, 0, 0),
(307, 85, 0, 60, 6, '1497701789', 65, 0, 0),
(308, 85, 0, 60, 9, '1497701800', 65, 0, 0),
(309, 4, 0, 49.5, 6, '1497705025', 66, 0, 0),
(310, 4, 0, 60, 7, '1497705041', 66, 0, 0),
(311, 4, 0, 60, 8, '1497705050', 66, 0, 0),
(312, 4, 0, 120, 1, '1497705058', 66, 0, 0),
(313, 4, 0, 120, 4, '1497705070', 66, 0, 0),
(314, 4, 0, 60, 5, '1497705149', 66, 240, 0),
(315, 6, 0, 60, 1, '1497705803', 67, 0, 0),
(316, 6, 0, 60, 8, '1497705813', 67, 0, 0),
(317, 6, 0, 60, 4, '1497705833', 67, 0, 0),
(318, 2, 0, 240, 8, '1497872758', 68, 0, 0),
(319, 2, 0, 120, 1, '1497872784', 68, 0, 0),
(320, 2, 0, 120, 5, '1497872821', 68, 243, 0),
(321, 16, 0, 180, 8, '1497875606', 69, 0, 0),
(322, 16, 0, 120, 4, '1497875658', 69, 0, 0),
(323, 16, 0, 30, 1, '1497875756', 69, 0, 0),
(324, 10, 0, 120, 4, '1497876061', 70, 0, 0),
(325, 12, 0, 120, 8, '1497876323', 71, 0, 0),
(326, 12, 0, 60, 3, '1497876333', 71, 0, 0),
(327, 94, 0, 120, 14, '1497964345', 72, 0, 0),
(328, 101, 0, 240, 14, '1497964372', 72, 0, 0),
(329, 104, 0, 240, 14, '1497964411', 72, 0, 0),
(330, 98, 0, 120, 14, '1497964529', 73, 0, 0),
(331, 89, 0, 60, 14, '1497964651', 74, 0, 0),
(332, 109, 0, 60, 14, '1498031568', 75, 0, 0),
(333, 96, 0, 60, 14, '1498290141', 76, 0, 0),
(334, 110, 0, 71.2, 27, '1498290444', 77, 0, 0),
(335, 110, 0, 35.6, 20, '1498290460', 77, 0, 0),
(336, 111, 0, 62.3, 27, '1498290877', 79, 0, 0),
(337, 111, 0, 31.1, 20, '1498290899', 79, 0, 0),
(338, 105, 0, 84.9, 30, '1498291011', 78, 0, 0),
(339, 105, 0, 42.4, 20, '1498291025', 78, 0, 0),
(340, 112, 0, 62.2, 30, '1498291235', 80, 0, 0),
(341, 112, 0, 31.1, 20, '1498291259', 80, 0, 0),
(342, 33, 0, 25.6, 1, '1498306176', 81, 0, 0),
(343, 33, 0, 25.2, 8, '1498306198', 81, 0, 0),
(344, 85, 0, 120, 7, '1498307885', 82, 0, 0),
(345, 85, 0, 60, 1, '1498307899', 82, 0, 0),
(346, 85, 0, 60, 6, '1498307940', 82, 250, 0),
(347, 85, 0, 60, 10, '1498308006', 82, 0, 0),
(348, 2, 0, 60, 7, '1498308533', 83, 0, 0),
(349, 2, 0, 60, 6, '1498308578', 83, 251, 0),
(350, 16, 0, 60, 1, '1498308701', 84, 0, 0),
(351, 16, 0, 60, 6, '1498308717', 84, 252, 0),
(352, 4, 0, 60, 6, '1498310454', 85, 253, 0),
(353, 4, 0, 60, 7, '1498310611', 85, 254, 0),
(354, 4, 0, 60, 8, '1498310622', 85, 0, 0),
(355, 4, 0, 60, 4, '1498310726', 85, 255, 0),
(356, 4, 0, 60, 8, '1498311255', 86, 0, 0),
(357, 83, 0, 8.2, 1, '1498311660', 87, 0, 0),
(358, 6, 0, 60, 8, '1498314373', 88, 0, 0),
(359, 4, 0, 60, 8, '1498314574', 89, 0, 0),
(360, 78, 0, 15.5, 6, '1498822495', 90, 256, 0),
(361, 78, 0, 24.5, 8, '1498822516', 90, 0, 0),
(362, 85, 0, 120, 1, '1498823524', 91, 257, 0),
(363, 85, 0, 120, 2, '1498823546', 91, 258, 0),
(364, 113, 0, 71.5, 28, '1498824741', 92, 0, 0),
(365, 113, 0, 35.7, 20, '1498824757', 92, 0, 0),
(366, 4, 0, 70.3, 8, '1498829368', 93, 0, 0),
(367, 6, 0, 60, 8, '1498829403', 94, 0, 0),
(368, 4, 0, 27.5, 1, '1498829586', 95, 259, 0),
(369, 103, 0, 240, 14, '1498905441', 96, 0, 0),
(370, 105, 0, 60, 14, '1498905458', 96, 0, 0),
(371, 100, 49, 19.3, 0, '1498911867', 0, 0, 0),
(372, 106, 0, 180, 14, '1499174407', 97, 0, 0),
(373, 110, 0, 120, 14, '1499174462', 97, 0, 0),
(374, 113, 95, 1.7, 0, '1499338188', 0, 0, 0),
(375, 113, 103, 2.7, 0, '1499338227', 0, 0, 0),
(376, 110, 67, 39, 0, '1499341553', 0, 0, 0),
(377, 110, 68, 92.5, 0, '1499341590', 0, 0, 0),
(378, 110, 101, 56.4, 0, '1499341678', 0, 0, 0),
(379, 22, 20, 4.2, 0, '1499342056', 0, 0, 0),
(380, 22, 21, 12.1, 0, '1499342078', 0, 0, 0),
(381, 96, 35, 19.5, 0, '1499342898', 0, 0, 0),
(382, 114, 39, 135.6, 0, '1499343047', 0, 0, 0),
(383, 114, 0, 52.65, 37, '1499934011', 99, 262, 0),
(384, 114, 0, 52.65, 39, '1499934048', 99, 263, 0),
(385, 115, 0, 39.54, 27, '1499938810', 98, 0, 0),
(386, 115, 0, 27.46, 30, '1499938835', 98, 0, 0),
(387, 115, 0, 33.5, 20, '1499938858', 98, 0, 0),
(388, 116, 0, 33.58, 20, '1499939161', 100, 0, 0),
(389, 116, 0, 39.65, 28, '1499939180', 100, 0, 0),
(390, 116, 0, 27.52, 30, '1499939203', 100, 0, 0),
(391, 117, 0, 35.43, 27, '1499939583', 101, 0, 0),
(392, 117, 0, 26.57, 30, '1499939600', 101, 0, 0),
(393, 117, 0, 31, 20, '1499939624', 101, 0, 0),
(394, 112, 0, 60, 14, '1499940684', 102, 0, 0),
(395, 115, 0, 180, 14, '1499940941', 103, 0, 0),
(396, 116, 0, 180, 14, '1499940971', 103, 0, 0),
(397, 118, 0, 180, 14, '1499941070', 103, 0, 0),
(398, 105, 0, 180, 14, '1500020675', 104, 0, 0),
(399, 113, 0, 120, 14, '1500020716', 104, 0, 0),
(400, 118, 0, 60, 14, '1500020924', 105, 0, 0),
(401, 119, 0, 240, 14, '1500020944', 105, 0, 0),
(402, 85, 0, 120, 7, '1500105402', 106, 267, 0),
(403, 85, 0, 60, 1, '1500105472', 106, 268, 0),
(404, 85, 0, 60, 6, '1500105492', 106, 269, 0),
(405, 4, 0, 60, 7, '1500105653', 107, 270, 0),
(406, 4, 0, 60, 6, '1500105709', 107, 271, 0),
(407, 4, 0, 120, 5, '1500105749', 107, 272, 0),
(408, 6, 0, 60, 1, '1500105905', 108, 273, 0),
(409, 6, 0, 60, 6, '1500105956', 108, 274, 0),
(410, 6, 0, 60, 8, '1500105985', 108, 275, 0),
(411, 111, 0, 180, 14, '1500120239', 109, 0, 0),
(412, 117, 0, 180, 14, '1500120364', 110, 0, 0),
(413, 89, 0, 60, 14, '1500120486', 111, 0, 0),
(414, 99, 0, 120, 14, '1500120522', 111, 0, 0),
(415, 96, 0, 60, 14, '1500120650', 112, 0, 0),
(416, 112, 0, 120, 14, '1500640201', 113, 0, 0),
(417, 2, 0, 120, 4, '1500643741', 114, 278, 0),
(418, 2, 0, 60, 7, '1500643767', 114, 279, 0),
(419, 2, 0, 60, 9, '1500643789', 114, 280, 0),
(420, 2, 0, 120, 1, '1500643814', 114, 281, 0),
(421, 112, 27, 19, 0, '1500711063', 0, 0, 0),
(422, 2, 0, 120, 8, '1500721085', 115, 0, 0),
(423, 2, 0, 120, 2, '1500721218', 115, 285, 0),
(424, 16, 0, 120, 1, '1500721925', 116, 0, 0),
(425, 16, 0, 120, 8, '1500721936', 116, 0, 0),
(426, 16, 0, 120, 4, '1500721970', 116, 286, 0),
(427, 16, 0, 60, 7, '1500722001', 116, 287, 0),
(428, 16, 0, 60, 9, '1500722019', 116, 288, 0),
(429, 4, 0, 120, 1, '1500722165', 117, 0, 0),
(430, 4, 0, 120, 4, '1500722181', 117, 289, 0),
(431, 4, 0, 60, 8, '1500722195', 117, 0, 0),
(432, 4, 0, 60, 9, '1500722210', 117, 290, 0),
(433, 4, 0, 60, 7, '1500722223', 117, 291, 0),
(434, 6, 0, 60, 7, '1500722291', 118, 292, 0),
(435, 6, 0, 60, 1, '1500722306', 118, 0, 0),
(436, 6, 0, 60, 8, '1500722321', 118, 0, 0),
(437, 6, 0, 60, 5, '1500722348', 118, 293, 0),
(438, 18, 0, 60, 1, '1500723447', 119, 0, 0),
(439, 18, 0, 60, 8, '1500723460', 119, 0, 0),
(440, 105, 0, 60, 14, '1500727657', 120, 0, 0),
(441, 113, 0, 120, 14, '1500727699', 120, 0, 0),
(442, 120, 0, 6, 33, '1500889011', 121, 294, 0),
(443, 118, 0, 35.4, 44, '1500894265', 122, 295, 0),
(444, 118, 0, 17.7, 48, '1500894297', 122, 296, 0),
(445, 118, 0, 17.7, 45, '1500894329', 122, 297, 0),
(446, 118, 0, 17.7, 49, '1500894364', 122, 298, 0),
(447, 118, 0, 17.7, 50, '1500894406', 122, 299, 0),
(448, 119, 0, 35, 44, '1500894520', 122, 300, 0),
(449, 119, 0, 17.5, 45, '1500894554', 122, 301, 0),
(450, 119, 0, 17.5, 46, '1500894586', 122, 302, 0),
(451, 119, 0, 17.5, 47, '1500894616', 122, 303, 0),
(452, 119, 0, 17.5, 48, '1500894645', 122, 304, 0),
(453, 99, 0, 30.8, 20, '1500896534', 126, 0, 0),
(454, 121, 0, 60, 1, '1500899595', 123, 0, 0),
(455, 121, 0, 60, 4, '1500899621', 123, 305, 0),
(456, 2, 0, 180, 5, '1500899933', 124, 306, 0),
(457, 2, 0, 120, 2, '1500899974', 124, 307, 0),
(458, 2, 0, 60, 4, '1500900012', 124, 308, 0),
(459, 16, 0, 180, 5, '1500900170', 125, 309, 0),
(460, 16, 0, 120, 2, '1500900191', 125, 310, 0),
(461, 99, 0, 35.26, 28, '1500902459', 126, 0, 0),
(462, 99, 0, 26.44, 30, '1500902493', 126, 311, 0),
(463, 122, 0, 34.5, 20, '1500903156', 127, 0, 0),
(464, 122, 0, 39.37, 31, '1500903182', 127, 0, 0),
(465, 122, 0, 29.53, 30, '1500903206', 127, 312, 0),
(466, 123, 0, 35.6, 20, '1500903364', 128, 0, 0),
(467, 123, 0, 71.3, 27, '1500903406', 128, 313, 0),
(468, 124, 0, 30.8, 20, '1500903769', 129, 0, 0),
(469, 124, 0, 61.7, 27, '1500903791', 129, 314, 0),
(470, 125, 0, 52.4, 20, '1500904389', 130, 0, 0),
(471, 125, 0, 52.4, 23, '1500904410', 130, 0, 0),
(472, 126, 0, 41.95, 20, '1500904696', 131, 0, 0),
(473, 126, 0, 41.95, 23, '1500904716', 131, 0, 0),
(474, 127, 0, 42.1, 20, '1500904819', 132, 0, 0),
(475, 127, 0, 84.3, 28, '1500905000', 132, 315, 0),
(476, 128, 0, 31, 20, '1500905206', 133, 0, 0),
(477, 128, 0, 62.1, 28, '1500905231', 133, 316, 0),
(478, 127, 0, 240, 14, '1500979810', 134, 0, 0),
(479, 8, 0, 120, 3, '1500980655', 135, 319, 0),
(480, 8, 0, 60, 4, '1500980808', 135, 320, 0),
(481, 114, 0, 60, 13, '1500985958', 136, 0, 0),
(482, 114, 0, 60, 14, '1500985975', 136, 0, 0),
(483, 122, 0, 240, 14, '1500989607', 137, 0, 0),
(484, 123, 0, 240, 14, '1500989638', 137, 0, 0),
(485, 129, 0, 120, 14, '1500989702', 137, 0, 0),
(486, 130, 0, 60, 13, '1501072799', 138, 0, 0),
(487, 130, 0, 60, 14, '1501072812', 138, 0, 0),
(488, 128, 0, 180, 14, '1501159988', 139, 0, 0),
(489, 125, 87, 80, 0, '1501225218', 0, 0, 0),
(490, 121, 0, 60, 1, '1501235006', 140, 326, 0),
(491, 121, 0, 60, 4, '1501235033', 140, 327, 0),
(492, 121, 0, 60, 2, '1501236706', 140, 328, 0),
(493, 121, 0, 60, 8, '1501235066', 140, 0, 0),
(494, 75, 74, 26.5, 0, '1501241378', 0, 0, 0),
(495, 16, 0, 120, 6, '1501249635', 141, 0, 0),
(496, 124, 0, 120, 14, '1501320260', 142, 0, 0),
(497, 126, 0, 120, 13, '1501322130', 143, 0, 0),
(498, 131, 0, 45.1, 20, '1501322425', 144, 0, 0),
(499, 131, 0, 45.1, 22, '1501322456', 144, 0, 0),
(500, 131, 0, 120, 13, '1501322496', 144, 0, 0),
(501, 132, 0, 43.9, 20, '1501322693', 145, 0, 0),
(502, 132, 0, 43.9, 22, '1501322711', 145, 0, 0),
(503, 132, 0, 60, 13, '1501322745', 145, 0, 0),
(504, 133, 0, 31.1, 20, '1501322890', 146, 0, 0),
(505, 133, 0, 62.2, 27, '1501322939', 146, 332, 0),
(506, 2, 0, 120, 6, '1501323221', 147, 333, 0),
(507, 2, 0, 120, 1, '1501323245', 147, 0, 0),
(508, 2, 0, 120, 7, '1501323254', 147, 0, 0),
(509, 113, 105, 59.4, 0, '1501326507', 0, 0, 0),
(510, 127, 113, 23.4, 0, '1501326604', 0, 0, 0),
(511, 33, 0, 27.8, 8, '1501330085', 0, 0, 0),
(512, 85, 0, 60, 7, '1501335781', 148, 0, 0),
(513, 85, 0, 50, 6, '1501336003', 148, 0, 0),
(514, 85, 0, 120, 1, '1501336027', 148, 0, 0),
(515, 85, 0, 120, 2, '1501336050', 148, 336, 0),
(516, 6, 0, 60, 6, '1501336377', 149, 337, 0),
(517, 6, 0, 60, 8, '1501336406', 149, 0, 0),
(518, 6, 0, 60, 7, '1501336419', 149, 0, 0),
(519, 6, 0, 60, 10, '1501336544', 149, 338, 0),
(520, 4, 0, 60, 6, '1501337247', 150, 339, 0),
(521, 4, 0, 60, 7, '1501337291', 150, 0, 0),
(522, 4, 0, 60, 8, '1501337305', 150, 0, 0),
(523, 4, 0, 60, 1, '1501337425', 150, 0, 0),
(524, 4, 0, 120, 4, '1501337456', 150, 340, 0),
(525, 4, 0, 60, 2, '1501337480', 150, 341, 0),
(526, 134, 0, 26.4, 20, '1501500968', 151, 0, 0),
(527, 134, 0, 52.7, 27, '1501501011', 151, 342, 0),
(528, 99, 0, 60, 14, '1501501181', 152, 0, 0),
(529, 134, 0, 60, 14, '1501501195', 152, 0, 0),
(530, 133, 0, 180, 14, '1501501442', 153, 0, 0),
(531, 18, 0, 60, 8, '1501501734', 154, 0, 0),
(532, 18, 0, 60, 2, '1501501761', 154, 343, 0),
(533, 16, 0, 120, 8, '1501505986', 155, 0, 0),
(534, 16, 0, 120, 7, '1501506007', 155, 344, 0),
(535, 2, 0, 120, 8, '1501506337', 156, 0, 0),
(536, 75, 0, 26.4, 20, '1501506549', 157, 0, 0),
(537, 75, 0, 52.7, 27, '1501506581', 157, 345, 0),
(538, 75, 0, 120, 14, '1501662175', 158, 0, 0),
(539, 135, 0, 60, 14, '1501662701', 159, 0, 0),
(540, 64, 0, 60, 1, '1501672466', 160, 348, 0),
(541, 136, 0, 60, 8, '1501675038', 161, 0, 0),
(542, 136, 0, 60, 1, '1501675062', 161, 349, 0),
(543, 121, 0, 60, 8, '1501846701', 162, 0, 0),
(544, 121, 0, 60, 2, '1501846730', 162, 351, 0),
(545, 137, 0, 52.4, 39, '1501848392', 163, 352, 0),
(546, 137, 0, 52.4, 37, '1501848444', 163, 353, 0),
(547, 130, 0, 52.55, 38, '1501848699', 164, 354, 0),
(548, 130, 0, 52.55, 37, '1501848736', 164, 355, 0),
(549, 124, 0, 60, 14, '1501918404', 165, 0, 0),
(550, 128, 112, 15, 0, '1501918917', 0, 0, 0),
(551, 126, 0, 60, 13, '1501929560', 166, 0, 0),
(552, 138, 0, 120, 13, '1501929605', 166, 0, 0),
(553, 131, 0, 60, 13, '1501929843', 167, 0, 0),
(554, 132, 0, 120, 13, '1501929893', 168, 0, 0),
(555, 139, 0, 72.6, 27, '1501932990', 169, 0, 0),
(556, 139, 0, 36.3, 20, '1501933008', 169, 0, 0),
(557, 139, 0, 120, 14, '1501933032', 169, 0, 0),
(558, 140, 0, 42.9, 20, '1501933107', 170, 0, 0),
(559, 140, 0, 85.8, 27, '1501933127', 170, 0, 0),
(560, 125, 0, 120, 13, '1501935852', 171, 0, 0),
(561, 141, 0, 60, 14, '1501935921', 171, 0, 0),
(562, 4, 0, 60, 7, '1501937027', 172, 0, 0),
(563, 4, 0, 60, 8, '1501937154', 172, 0, 0),
(564, 4, 0, 120, 1, '1501937166', 172, 0, 0),
(565, 4, 0, 60, 4, '1501937182', 172, 0, 0),
(566, 4, 0, 60, 2, '1501937218', 172, 361, 0),
(567, 6, 0, 60, 1, '1501940097', 173, 0, 0),
(568, 6, 0, 60, 7, '1501940118', 173, 0, 0),
(569, 6, 0, 60, 8, '1501940132', 173, 0, 0),
(570, 6, 0, 46.6, 33, '1501942571', 0, 362, 0),
(571, 4, 0, 60, 33, '1501942980', 0, 363, 0),
(572, 64, 0, 51.95, 35, '1502099603', 174, 366, 0),
(573, 64, 0, 51.95, 36, '1502099670', 174, 367, 0),
(574, 142, 0, 52.05, 35, '1502100401', 175, 368, 0),
(575, 142, 0, 52.05, 36, '1502100437', 175, 369, 0),
(576, 136, 0, 52, 35, '1502100692', 176, 370, 0),
(577, 136, 0, 52, 36, '1502100734', 176, 371, 0),
(578, 18, 0, 10, 33, '1502101511', 0, 372, 0),
(579, 134, 24, 28.5, 0, '1502102483', 0, 0, 0),
(580, 134, 25, 13.7, 0, '1502102535', 0, 0, 0),
(581, 134, 89, 13.8, 0, '1502102577', 0, 0, 0),
(582, 98, 51, 6.1, 0, '1502104490', 0, 0, 0),
(583, 98, 52, 10.6, 0, '1502104501', 0, 0, 0),
(584, 98, 90, 8.1, 0, '1502104520', 0, 0, 0),
(585, 143, 0, 25.8, 20, '1502104642', 177, 0, 0),
(586, 143, 0, 51.5, 28, '1502104663', 177, 0, 0),
(587, 139, 0, 60, 14, '1502192787', 178, 0, 0),
(588, 140, 0, 240, 14, '1502192829', 178, 0, 0),
(589, 129, 0, 120, 14, '1502196039', 179, 0, 0),
(590, 135, 0, 52.53, 27, '1502353427', 180, 0, 0),
(591, 135, 0, 26.27, 20, '1502353470', 180, 0, 0),
(592, 141, 0, 61.5, 28, '1502354265', 181, 0, 0),
(593, 141, 0, 30.7, 20, '1502354295', 181, 0, 0),
(594, 142, 0, 60, 1, '1502368600', 182, 0, 0),
(595, 142, 0, 60, 8, '1502368615', 182, 0, 0),
(596, 141, 0, 120, 14, '1502440384', 183, 0, 0),
(597, 121, 0, 60, 1, '1502454390', 184, 0, 0),
(598, 121, 0, 60, 8, '1502454406', 184, 0, 0),
(599, 129, 104, 52.2, 0, '1502522064', 0, 0, 0),
(600, 129, 110, 61.1, 0, '1502522107', 0, 0, 0),
(601, 129, 118, 38.9, 0, '1502522169', 0, 0, 0),
(602, 129, 122, 51.7, 0, '1502522186', 0, 0, 0),
(603, 129, 119, 32.9, 0, '1502522214', 0, 0, 0),
(604, 129, 123, 43.5, 0, '1502522285', 0, 0, 0),
(605, 138, 0, 42, 20, '1502524988', 185, 0, 0),
(606, 138, 0, 42, 25, '1502525006', 185, 0, 0),
(607, 138, 0, 60, 13, '1502525249', 186, 0, 0),
(608, 124, 96, 28.9, 0, '1502533100', 0, 0, 0),
(609, 4, 0, 120, 6, '1502541300', 187, 375, 0),
(610, 4, 0, 60, 8, '1502541313', 187, 0, 0),
(611, 4, 0, 60, 7, '1502541322', 187, 0, 0),
(612, 4, 0, 120, 1, '1502541339', 187, 0, 0),
(613, 4, 0, 120, 4, '1502541394', 187, 0, 0),
(614, 6, 0, 60, 6, '1502541506', 188, 376, 0),
(615, 6, 0, 60, 1, '1502541516', 188, 0, 0),
(616, 6, 0, 60, 10, '1502541615', 189, 377, 0),
(617, 136, 0, 30, 1, '1502542183', 190, 0, 0),
(618, 136, 0, 30, 8, '1502542203', 190, 0, 0),
(619, 144, 0, 30, 1, '1502542250', 190, 0, 0),
(620, 144, 0, 30, 8, '1502542262', 190, 0, 0),
(621, 134, 0, 60, 14, '1502710045', 191, 0, 0),
(622, 18, 0, 60, 1, '1502710327', 192, 0, 0),
(623, 18, 0, 60, 8, '1502710371', 192, 0, 0),
(624, 109, 0, 60, 14, '1502870240', 193, 0, 0),
(625, 145, 0, 180, 14, '1502882349', 194, 0, 0),
(626, 146, 0, 51.75, 25, '1502945657', 195, 0, 0),
(627, 146, 0, 51.75, 20, '1502945682', 195, 0, 0),
(628, 146, 0, 120, 13, '1502945855', 195, 0, 0),
(629, 147, 0, 62.6, 29, '1502946136', 196, 0, 0),
(630, 147, 0, 31.3, 20, '1502946153', 196, 0, 0),
(631, 145, 0, 31.84, 20, '1502946343', 197, 0, 0),
(632, 145, 0, 63.66, 31, '1502946372', 197, 0, 0),
(633, 148, 0, 33.2, 20, '1502946662', 198, 0, 0),
(634, 148, 0, 66.5, 27, '1502946723', 198, 0, 0),
(635, 149, 0, 30.9, 20, '1502947070', 199, 0, 0),
(636, 149, 0, 61.8, 27, '1502947100', 199, 0, 0),
(637, 109, 0, 61.7, 27, '1502947437', 200, 0, 0),
(638, 109, 0, 30.9, 20, '1502947457', 200, 0, 0),
(639, 144, 82, 13.8, 0, '1502950406', 0, 0, 0),
(640, 150, 0, 60, 13, '1502966337', 201, 0, 0),
(641, 150, 0, 60, 14, '1502966351', 201, 0, 0),
(642, 137, 0, 60, 13, '1502966439', 202, 0, 0),
(643, 137, 0, 60, 14, '1502966449', 202, 0, 0),
(644, 148, 0, 120, 14, '1502966609', 203, 0, 0),
(645, 151, 0, 60, 13, '1503054027', 204, 0, 0),
(646, 121, 0, 120, 1, '1503062485', 205, 383, 0),
(647, 147, 0, 60, 14, '1503130638', 206, 0, 0),
(648, 151, 0, 60, 14, '1503137700', 207, 0, 0),
(649, 97, 0, 25, 13, '1503143060', 208, 0, 0),
(650, 4, 0, 60, 6, '1503144063', 209, 0, 0),
(651, 4, 0, 120, 8, '1503144085', 209, 0, 0),
(652, 4, 0, 60, 7, '1503144098', 209, 0, 0),
(653, 4, 0, 60, 5, '1503144388', 209, 389, 0),
(654, 4, 0, 60, 1, '1503144542', 209, 0, 0),
(655, 8, 0, 120, 1, '1503145152', 210, 0, 0),
(656, 8, 0, 60, 8, '1503145162', 210, 0, 0),
(657, 85, 0, 60, 1, '1503145533', 211, 0, 0),
(658, 85, 0, 120, 7, '1503145544', 211, 0, 0),
(659, 85, 0, 120, 5, '1503145571', 211, 390, 0),
(660, 85, 0, 120, 10, '1503145597', 211, 391, 0),
(661, 85, 0, 60, 6, '1503145673', 211, 0, 0),
(662, 152, 0, 60, 1, '1503148292', 212, 0, 0),
(663, 152, 0, 60, 8, '1503148308', 212, 0, 0),
(664, 6, 0, 60, 6, '1503154962', 213, 0, 0),
(665, 6, 0, 60, 8, '1503154972', 213, 0, 0),
(666, 6, 0, 60, 7, '1503154990', 213, 0, 0),
(667, 6, 0, 60, 4, '1503155038', 213, 0, 0),
(668, 135, 0, 120, 14, '1503299090', 214, 0, 0),
(669, 153, 0, 72.73, 29, '1503301869', 215, 0, 0),
(670, 153, 0, 36.37, 20, '1503301904', 215, 0, 0),
(671, 154, 0, 30.7, 20, '1503302267', 216, 0, 0),
(672, 154, 0, 61.4, 28, '1503302305', 216, 0, 0),
(673, 2, 0, 120, 6, '1503312072', 217, 0, 0),
(674, 2, 0, 120, 8, '1503312087', 217, 0, 0),
(675, 2, 0, 120, 5, '1503312155', 217, 392, 0),
(676, 2, 0, 180, 1, '1503312176', 217, 393, 0),
(677, 2, 0, 120, 2, '1503312195', 217, 394, 0),
(678, 2, 0, 120, 7, '1503312257', 217, 395, 0),
(679, 16, 0, 120, 1, '1503312398', 218, 396, 0),
(680, 16, 0, 120, 2, '1503312416', 218, 397, 0),
(681, 16, 0, 120, 5, '1503312434', 218, 398, 0),
(682, 16, 0, 120, 7, '1503312513', 218, 399, 0),
(683, 16, 0, 120, 6, '1503312525', 218, 0, 0),
(684, 16, 0, 60, 8, '1503312540', 218, 0, 0),
(685, 143, 0, 120, 14, '1503322695', 219, 0, 0),
(686, 54, 0, 60, 13, '1503324954', 220, 0, 0),
(687, 154, 0, 120, 14, '1503382958', 221, 0, 0),
(688, 149, 0, 120, 14, '1503383373', 222, 0, 0),
(689, 155, 0, 120, 13, '1503396962', 223, 0, 0),
(690, 155, 0, 60, 13, '1503396974', 223, 0, 0),
(691, 155, 0, 66.05, 38, '1503397281', 223, 402, 0),
(692, 155, 0, 66.05, 37, '1503397377', 223, 403, 0),
(693, 151, 0, 52.75, 38, '1503570881', 224, 404, 0),
(694, 151, 0, 52.75, 37, '1503570915', 224, 405, 0),
(695, 150, 0, 52.65, 38, '1503571071', 226, 406, 0),
(696, 150, 0, 52.65, 37, '1503571098', 226, 407, 0),
(697, 144, 0, 50.8, 35, '1503571348', 227, 408, 0),
(698, 144, 0, 50.8, 36, '1503571379', 227, 409, 0),
(699, 156, 0, 50.75, 35, '1503571552', 225, 410, 0),
(700, 156, 0, 50.75, 36, '1503571578', 225, 411, 0),
(701, 156, 0, 90, 8, '1503571619', 225, 0, 0),
(702, 156, 0, 90, 1, '1503571639', 225, 412, 0),
(703, 142, 0, 30, 8, '1503571701', 225, 0, 0),
(704, 142, 0, 30, 1, '1503571716', 225, 413, 0),
(705, 153, 0, 210, 14, '1503574971', 228, 0, 0),
(706, 148, 0, 90, 14, '1503575013', 228, 0, 0),
(707, 64, 0, 30, 8, '1503576795', 229, 0, 0),
(708, 152, 0, 30, 8, '1503576809', 229, 0, 0),
(709, 157, 0, 95, 13, '1503731884', 230, 0, 0),
(710, 157, 0, 60, 7, '1503732212', 231, 0, 0),
(711, 147, 0, 60, 14, '1503736092', 232, 0, 0),
(712, 155, 0, 60, 14, '1503743874', 233, 0, 0),
(713, 85, 0, 60, 6, '1503748679', 234, 0, 0),
(714, 85, 0, 60, 1, '1503748688', 234, 0, 0),
(715, 85, 0, 120, 7, '1503748704', 234, 0, 0),
(716, 4, 0, 120, 2, '1503749758', 235, 419, 0),
(717, 4, 0, 60, 1, '1503749776', 235, 0, 0),
(718, 4, 0, 60, 7, '1503749787', 235, 0, 0),
(719, 4, 0, 60, 8, '1503749795', 235, 0, 0),
(720, 4, 0, 60, 6, '1503749804', 235, 0, 0),
(721, 6, 0, 60, 3, '1503749952', 236, 420, 0),
(722, 6, 0, 60, 8, '1503749968', 236, 0, 0),
(723, 6, 0, 60, 7, '1503749977', 236, 0, 0),
(724, 6, 0, 60, 4, '1503750016', 236, 0, 0),
(725, 2, 0, 60, 14, '1503920923', 237, 0, 0),
(726, 2, 0, 180, 4, '1503920939', 237, 0, 0),
(727, 2, 0, 180, 8, '1503920952', 237, 0, 0),
(728, 2, 0, 60, 6, '1503921024', 237, 0, 0),
(729, 16, 0, 120, 8, '1503921188', 238, 0, 0),
(730, 16, 0, 60, 6, '1503921204', 238, 0, 0),
(731, 16, 0, 120, 1, '1503921294', 238, 0, 0),
(732, 158, 0, 31.7, 20, '1504070537', 240, 0, 0),
(733, 158, 0, 63.3, 27, '1504070562', 240, 0, 0),
(734, 159, 0, 26.9, 20, '1504070784', 242, 0, 0),
(735, 159, 0, 53.8, 27, '1504070807', 242, 0, 0),
(736, 160, 0, 26.74, 20, '1504071313', 243, 0, 0),
(737, 160, 0, 53.46, 27, '1504071363', 243, 0, 0),
(738, 161, 0, 26.1, 20, '1504079879', 243, 0, 0),
(739, 161, 0, 52.1, 28, '1504079907', 243, 0, 0),
(740, 162, 0, 26.2, 20, '1504086114', 239, 0, 0),
(741, 162, 0, 52.3, 28, '1504086142', 239, 0, 0),
(742, 163, 0, 41.75, 20, '1504086264', 244, 0, 0),
(743, 163, 0, 41.75, 24, '1504086303', 244, 0, 0),
(744, 164, 0, 43.1, 20, '1504086453', 241, 0, 0),
(745, 164, 0, 86.2, 29, '1504086477', 241, 0, 0),
(746, 149, 0, 60, 14, '1504086548', 239, 0, 0),
(747, 162, 0, 60, 14, '1504086585', 239, 0, 0),
(748, 154, 0, 60, 14, '1504086688', 240, 0, 0),
(749, 158, 0, 60, 14, '1504086715', 240, 0, 0),
(750, 18, 0, 10, 7, '1504087586', 245, 0, 0),
(751, 165, 0, 43.6, 20, '1504088130', 246, 0, 0),
(752, 165, 0, 43.6, 24, '1504088144', 246, 0, 0),
(753, 165, 0, 120, 13, '1504088172', 246, 0, 0),
(754, 166, 0, 45.65, 20, '1504088312', 247, 0, 0),
(755, 166, 0, 45.65, 22, '1504088329', 247, 0, 0),
(756, 166, 0, 120, 13, '1504088363', 247, 0, 0),
(757, 85, 0, 110, 33, '1504090177', 248, 425, 0),
(758, 164, 0, 240, 14, '1504090530', 249, 0, 0),
(759, 144, 0, 60, 8, '1504097077', 250, 0, 0),
(760, 144, 0, 60, 1, '1504097085', 250, 0, 0),
(761, 155, 0, 60, 13, '1504267083', 251, 0, 0),
(762, 168, 0, 31.9, 20, '1504333160', 252, 0, 0),
(763, 168, 0, 63.9, 27, '1504333198', 252, 0, 0),
(764, 169, 0, 33.2, 20, '1504333305', 253, 0, 0),
(765, 169, 0, 66.3, 28, '1504333319', 253, 0, 0),
(766, 85, 0, 120, 2, '1504352803', 254, 0, 0),
(767, 85, 0, 120, 1, '1504352876', 254, 0, 0),
(768, 85, 0, 60, 6, '1504352886', 254, 0, 0),
(769, 164, 127, 21.7, 0, '1504356414', 0, 0, 0),
(770, 6, 0, 60, 2, '1504357513', 255, 0, 0),
(771, 6, 0, 60, 1, '1504357522', 255, 0, 0),
(772, 4, 0, 120, 7, '1504357661', 256, 0, 0),
(773, 4, 0, 120, 8, '1504357671', 256, 0, 0),
(774, 4, 0, 60, 2, '1504357683', 256, 0, 0),
(775, 4, 0, 120, 4, '1504357705', 256, 0, 0),
(776, 164, 0, 60, 14, '1504612261', 257, 0, 0),
(777, 170, 0, 180, 14, '1504612312', 257, 0, 0),
(778, 151, 0, 60, 13, '1504612463', 258, 0, 0),
(779, 151, 0, 13.5, 14, '1504612529', 258, 0, 0),
(780, 167, 0, 210, 14, '1504616967', 259, 0, 0),
(781, 168, 0, 90, 14, '1504616991', 259, 0, 0),
(782, 172, 0, 60, 14, '1504618198', 260, 0, 0),
(783, 168, 0, 90, 14, '1504618339', 261, 0, 0),
(784, 169, 0, 90, 14, '1504618481', 261, 0, 0),
(785, 147, 0, 60, 14, '1504618588', 262, 0, 0),
(786, 173, 0, 51.65, 35, '1504698425', 263, 436, 0),
(787, 173, 0, 51.65, 36, '1504698536', 263, 437, 0),
(788, 173, 0, 120, 1, '1504698569', 263, 0, 0),
(789, 173, 0, 120, 8, '1504698581', 263, 0, 0),
(790, 159, 0, 120, 14, '1504770990', 264, 0, 0),
(791, 174, 0, 31.2, 20, '1504772837', 265, 0, 0),
(792, 174, 0, 62.4, 28, '1504772859', 265, 0, 0),
(793, 174, 0, 180, 14, '1504772936', 265, 0, 0),
(794, 169, 0, 120, 14, '1504778234', 266, 0, 0),
(795, 171, 0, 60, 14, '1504778300', 266, 0, 0),
(796, 137, 0, 60, 13, '1504778376', 267, 0, 0),
(797, 137, 0, 60, 14, '1504778390', 267, 0, 0),
(798, 163, 157, 155, 0, '1504778570', 0, 0, 0),
(799, 172, 0, 60, 13, '1504779403', 268, 0, 0),
(800, 150, 0, 30, 14, '1504779847', 269, 0, 0),
(801, 150, 0, 30, 13, '1504779855', 269, 0, 0),
(802, 175, 0, 30, 14, '1504779869', 269, 0, 0),
(803, 175, 0, 30, 13, '1504779877', 269, 0, 0),
(804, 171, 0, 33.6, 44, '1504942359', 270, 439, 0),
(805, 171, 0, 40.5, 45, '1504942387', 270, 440, 0),
(806, 171, 0, 26.9, 46, '1504942414', 270, 441, 0),
(807, 167, 0, 34.8, 44, '1504942520', 271, 442, 0),
(808, 167, 0, 41.9, 47, '1504942545', 271, 443, 0),
(809, 167, 0, 27.8, 46, '1504942568', 271, 444, 0),
(810, 109, 0, 60, 14, '1504945873', 272, 0, 0),
(811, 176, 0, 63.5, 27, '1504956184', 273, 0, 0),
(812, 176, 0, 31.7, 20, '1504956198', 273, 0, 0),
(813, 176, 0, 180, 14, '1504956214', 273, 0, 0),
(814, 170, 0, 35.9, 20, '1504956351', 274, 0, 0),
(815, 170, 0, 71.7, 28, '1504956374', 274, 0, 0),
(816, 177, 0, 51.6, 20, '1504957449', 276, 0, 0),
(817, 172, 0, 60, 13, '1504957698', 275, 0, 0),
(818, 172, 0, 60, 14, '1504957719', 275, 0, 0),
(819, 177, 0, 51.6, 24, '1504959022', 276, 0, 0),
(820, 4, 0, 60, 7, '1504960160', 277, 0, 0),
(821, 4, 0, 60, 6, '1504960170', 277, 0, 0),
(822, 4, 0, 120, 8, '1504960188', 277, 0, 0),
(823, 4, 0, 120, 1, '1504960258', 277, 0, 0),
(824, 4, 0, 60, 2, '1504960271', 277, 0, 0),
(825, 6, 0, 60, 6, '1504960402', 278, 0, 0),
(826, 6, 0, 60, 8, '1504960502', 278, 0, 0),
(827, 6, 0, 60, 3, '1504960531', 278, 0, 0),
(828, 6, 0, 60, 7, '1504960672', 279, 0, 0),
(829, 85, 0, 120, 1, '1504961011', 280, 0, 0),
(830, 85, 0, 60, 6, '1504961021', 280, 0, 0),
(831, 85, 0, 110, 7, '1504961115', 280, 0, 0),
(832, 16, 0, 120, 8, '1504961212', 281, 0, 0),
(833, 16, 0, 120, 2, '1504961222', 281, 0, 0),
(834, 16, 0, 120, 5, '1504961233', 281, 0, 0),
(835, 2, 0, 120, 3, '1504961305', 282, 0, 0),
(836, 2, 0, 120, 5, '1504961561', 282, 0, 0),
(837, 18, 0, 60, 3, '1505215771', 283, 0, 0),
(838, 18, 0, 60, 4, '1505215865', 283, 0, 0),
(839, 18, 0, 10.4, 6, '1505215930', 283, 0, 0),
(840, 162, 0, 120, 14, '1505216249', 284, 0, 0),
(841, 178, 0, 60, 14, '1505216372', 284, 0, 0),
(842, 158, 0, 120, 14, '1505216452', 285, 0, 0),
(843, 179, 0, 72.7, 30, '1505217987', 286, 0, 0),
(844, 179, 0, 36.3, 20, '1505218005', 286, 0, 0),
(845, 179, 0, 120, 14, '1505218041', 286, 0, 0),
(846, 180, 0, 120, 1, '1505218609', 287, 0, 0),
(847, 180, 0, 120, 8, '1505218620', 287, 0, 0),
(848, 181, 0, 34, 20, '1505304141', 288, 0, 0),
(849, 181, 0, 67.9, 30, '1505304174', 288, 0, 0),
(850, 182, 0, 60, 13, '1505460247', 289, 0, 0),
(851, 183, 0, 43.6, 20, '1505462979', 290, 0, 0),
(852, 183, 0, 43.6, 25, '1505462992', 290, 0, 0),
(853, 183, 0, 120, 13, '1505463018', 290, 0, 0),
(854, 184, 0, 120, 14, '1505463106', 291, 0, 0),
(855, 146, 0, 60, 13, '1505463170', 291, 0, 0),
(856, 185, 0, 60, 13, '1505463180', 291, 0, 0),
(857, 186, 0, 45.15, 20, '1505473542', 292, 0, 0),
(858, 186, 0, 45.15, 22, '1505473555', 292, 0, 0),
(859, 172, 0, 60, 14, '1505473656', 293, 0, 0),
(860, 187, 0, 60, 14, '1505473759', 293, 0, 0),
(861, 188, 0, 60, 14, '1505548082', 294, 0, 0),
(862, 166, 0, 60, 13, '1505561932', 295, 0, 0),
(863, 186, 0, 60, 13, '1505561948', 295, 0, 0),
(864, 187, 0, 120, 13, '1505562054', 296, 0, 0),
(865, 182, 0, 60, 13, '1505562091', 297, 0, 0),
(866, 85, 0, 120, 7, '1505563180', 298, 460, 0),
(867, 85, 0, 120, 1, '1505563198', 298, 0, 0),
(868, 85, 0, 60, 2, '1505563211', 298, 0, 0),
(869, 4, 0, 60, 7, '1505565022', 299, 461, 0),
(870, 4, 0, 60, 8, '1505565032', 299, 0, 0),
(871, 4, 0, 60, 6, '1505565042', 299, 0, 0),
(872, 4, 0, 60, 1, '1505565055', 299, 0, 0),
(873, 4, 0, 60, 5, '1505565072', 299, 0, 0),
(874, 6, 0, 60, 1, '1505565180', 300, 0, 0),
(875, 6, 0, 60, 7, '1505565275', 300, 462, 0),
(876, 6, 0, 60, 3, '1505565301', 300, 0, 0),
(877, 189, 0, 60, 1, '1505567106', 301, 0, 0),
(878, 189, 0, 60, 8, '1505567116', 301, 0, 0),
(879, 190, 0, 60, 1, '1505567234', 302, 0, 0),
(880, 190, 0, 60, 8, '1505567244', 302, 0, 0),
(881, 163, 126, 9.9999999999999, 0, '1505568031', 0, 0, 0),
(882, 163, 138, 6.7, 0, '1505568059', 0, 0, 0),
(883, 188, 0, 31.2, 20, '1505714533', 303, 0, 0),
(884, 188, 0, 62.4, 30, '1505714551', 303, 0, 0),
(885, 178, 0, 31.7, 20, '1505714689', 304, 0, 0),
(886, 178, 0, 63.4, 30, '1505714730', 304, 0, 0),
(887, 191, 0, 26.8, 20, '1505714835', 304, 0, 0),
(888, 191, 0, 53.6, 27, '1505714854', 304, 0, 0),
(889, 192, 0, 31.6, 20, '1505714975', 305, 0, 0),
(890, 192, 0, 63.3, 27, '1505714993', 305, 0, 0),
(891, 182, 0, 41.55, 20, '1505715078', 306, 0, 0),
(892, 182, 0, 41.55, 24, '1505715109', 306, 0, 0),
(893, 185, 0, 51.65, 20, '1505715265', 307, 0, 0),
(894, 185, 0, 51.65, 22, '1505715283', 307, 0, 0),
(895, 193, 0, 31.5, 20, '1505715502', 308, 0, 0),
(896, 193, 0, 62.9, 27, '1505715526', 308, 0, 0),
(897, 135, 75, 12.5, 0, '1505722218', 0, 0, 0),
(898, 160, 0, 30, 14, '1505722674', 309, 0, 0),
(899, 160, 0, 120, 14, '1505722695', 309, 0, 0),
(900, 161, 0, 120, 14, '1505722725', 309, 0, 0),
(901, 194, 0, 60, 1, '1505739835', 310, 0, 0),
(902, 194, 0, 60, 8, '1505739845', 310, 0, 0),
(903, 177, 0, 180, 13, '1505798584', 311, 464, 0),
(904, 159, 0, 46.5, 14, '1505806451', 312, 0, 0),
(905, 195, 0, 60, 14, '1505808614', 313, 0, 0),
(906, 178, 0, 60, 14, '1505820267', 314, 0, 0),
(907, 178, 134, 19.8, 0, '1505820862', 0, 0, 0),
(908, 192, 0, 60, 14, '1505893368', 315, 0, 0),
(909, 196, 0, 60, 14, '1505901817', 316, 0, 0),
(910, 165, 0, 60, 13, '1505904886', 317, 0, 0),
(911, 172, 0, 66.4, 37, '1505907379', 318, 467, 0),
(912, 172, 0, 66.4, 39, '1505907404', 318, 468, 0),
(913, 197, 0, 53, 37, '1505907893', 319, 469, 0),
(914, 197, 0, 53, 39, '1505907921', 319, 470, 0),
(915, 194, 0, 51.65, 35, '1505908049', 320, 471, 0),
(916, 194, 0, 51.65, 36, '1505908072', 320, 472, 0),
(917, 189, 0, 51.8, 35, '1505908180', 321, 473, 0),
(918, 189, 0, 51.8, 36, '1505908198', 321, 474, 0),
(919, 190, 0, 51.75, 42, '1505908344', 322, 475, 0),
(920, 190, 0, 51.75, 36, '1505908373', 322, 476, 0),
(921, 198, 0, 60, 1, '1505909104', 323, 0, 0),
(922, 198, 0, 60, 8, '1505909171', 323, 0, 0),
(923, 185, 0, 120, 13, '1506066063', 324, 0, 0),
(924, 193, 0, 120, 14, '1506066087', 324, 0, 0),
(925, 193, 184, 120, 0, '1506066150', 0, 0, 0),
(926, 199, 0, 120, 1, '1506079228', 325, 0, 0),
(927, 199, 0, 120, 8, '1506079238', 325, 0, 0),
(928, 2, 0, 180, 1, '1506079364', 326, 0, 0),
(929, 2, 0, 120, 3, '1506079382', 326, 0, 0),
(930, 2, 0, 180, 7, '1506079401', 326, 0, 0),
(931, 2, 0, 180, 5, '1506079421', 326, 0, 0),
(932, 2, 0, 180, 8, '1506079474', 326, 0, 0),
(933, 16, 0, 120, 7, '1506079690', 327, 0, 0),
(934, 16, 0, 120, 5, '1506079743', 327, 0, 0),
(935, 187, 155, 36.7, 0, '1506154270', 0, 0, 0),
(936, 187, 172, 19.1, 0, '1506154285', 0, 0, 0),
(937, 187, 0, 60, 14, '1506154325', 328, 0, 0),
(938, 187, 0, 120, 13, '1506154338', 328, 0, 0),
(939, 188, 0, 60, 14, '1506161787', 329, 0, 0),
(940, 8, 0, 120, 2, '1506167602', 330, 0, 0),
(941, 85, 0, 180, 3, '1506167964', 331, 0, 0),
(942, 85, 0, 49.6, 6, '1506167994', 331, 0, 0),
(943, 85, 0, 60, 10, '1506168036', 331, 0, 0),
(944, 85, 0, 60, 7, '1506168057', 331, 0, 0),
(945, 200, 0, 85.9, 30, '1506168602', 332, 0, 0),
(946, 200, 0, 43, 20, '1506168624', 332, 0, 0),
(947, 200, 0, 240, 14, '1506168641', 332, 0, 0),
(948, 201, 0, 68.9, 30, '1506169898', 333, 0, 0),
(949, 201, 0, 34.4, 20, '1506169909', 333, 0, 0),
(950, 171, 0, 120, 14, '1506169958', 333, 0, 0),
(951, 202, 0, 63.3, 30, '1506170482', 334, 0, 0),
(952, 202, 0, 31.7, 20, '1506170494', 334, 0, 0),
(953, 190, 0, 30, 8, '1506172120', 335, 0, 0),
(954, 203, 0, 30, 8, '1506172155', 335, 0, 0),
(955, 4, 0, 120, 7, '1506173000', 336, 0, 0),
(956, 4, 0, 60, 8, '1506173010', 336, 0, 0),
(957, 4, 0, 60, 4, '1506173023', 336, 0, 0),
(958, 4, 0, 120, 10, '1506173037', 336, 0, 0),
(959, 6, 0, 60, 7, '1506173078', 337, 0, 0),
(960, 6, 0, 60, 8, '1506173088', 337, 0, 0),
(961, 6, 0, 60, 4, '1506173098', 337, 0, 0),
(962, 202, 0, 180, 14, '1506173141', 338, 0, 0),
(963, 179, 0, 90, 14, '1506421708', 339, 0, 0),
(964, 181, 0, 210, 14, '1506421741', 339, 0, 0),
(965, 192, 0, 180, 14, '1506423945', 340, 0, 0),
(966, 158, 154, 4.2, 0, '1506424054', 0, 0, 0),
(967, 159, 0, 13.5, 14, '1506425352', 341, 0, 0),
(968, 191, 0, 120, 14, '1506425525', 342, 0, 0),
(969, 18, 0, 120, 1, '1506426177', 343, 487, 0),
(970, 18, 0, 120, 4, '1506426215', 343, 0, 0),
(971, 175, 0, 60, 13, '1506430962', 344, 0, 0),
(972, 175, 0, 60, 14, '1506430969', 344, 0, 0),
(973, 197, 0, 60, 13, '1506431415', 345, 0, 0),
(974, 197, 0, 60, 14, '1506431426', 345, 0, 0),
(975, 151, 0, 60, 13, '1506431917', 346, 0, 0),
(976, 151, 0, 60, 14, '1506431932', 346, 0, 0),
(977, 176, 0, 60, 14, '1506518738', 347, 0, 0),
(978, 187, 0, 120, 14, '1506598425', 348, 0, 0),
(979, 204, 0, 120, 1, '1506600412', 349, 0, 0),
(980, 204, 0, 120, 8, '1506600423', 349, 0, 0),
(981, 204, 0, 120, 2, '1506600468', 349, 0, 0),
(982, 204, 0, 60, 7, '1506600477', 349, 0, 0),
(983, 204, 0, 60, 6, '1506600487', 349, 0, 0),
(984, 204, 0, 120, 4, '1506600517', 349, 0, 0),
(985, 2, 0, 120, 6, '1506600580', 350, 0, 0),
(986, 205, 0, 60, 13, '1506663670', 351, 0, 0),
(987, 143, 44, 30.4, 0, '1506668469', 0, 0, 0),
(988, 143, 45, 25.2, 0, '1506668512', 0, 0, 0),
(989, 159, 143, 20.2, 0, '1506668684', 0, 0, 0),
(990, 200, 164, 3.8, 0, '1506670272', 0, 0, 0),
(991, 183, 0, 60, 13, '1506754638', 352, 0, 0),
(992, 4, 0, 60, 7, '1506758619', 353, 0, 0),
(993, 4, 0, 60, 8, '1506758629', 353, 0, 0),
(994, 4, 0, 60, 1, '1506758718', 353, 0, 0),
(995, 4, 0, 120, 5, '1506758758', 353, 0, 0),
(996, 6, 0, 60, 1, '1506758839', 354, 0, 0),
(997, 6, 0, 60, 8, '1506758849', 354, 0, 0),
(998, 6, 0, 60, 2, '1506758864', 354, 0, 0),
(999, 189, 0, 30, 1, '1506769290', 355, 0, 0),
(1000, 189, 0, 30, 8, '1506769309', 355, 0, 0),
(1001, 206, 0, 30, 1, '1506769377', 355, 0, 0),
(1002, 206, 0, 30, 8, '1506769385', 355, 0, 0),
(1003, 190, 0, 30, 1, '1506769602', 356, 0, 0),
(1004, 203, 0, 90, 1, '1506769637', 356, 0, 0),
(1005, 203, 0, 60, 8, '1506769647', 356, 0, 0),
(1006, 16, 0, 120, 8, '1506770405', 357, 0, 0),
(1007, 16, 0, 180, 6, '1506770440', 357, 0, 0),
(1008, 16, 0, 60, 1, '1506770469', 357, 0, 0),
(1009, 16, 0, 120, 2, '1506770489', 357, 0, 0),
(1010, 182, 0, 60, 13, '1506770622', 358, 0, 0),
(1011, 207, 0, 180, 13, '1506770699', 358, 0, 0),
(1012, 85, 0, 60, 7, '1506773788', 359, 0, 0),
(1013, 85, 0, 120, 5, '1506773795', 359, 0, 0),
(1014, 85, 0, 60, 6, '1506773804', 359, 0, 0),
(1015, 16, 0, 120, 10, '1506774415', 360, 0, 0),
(1016, 208, 0, 120, 1, '1506774747', 361, 0, 0),
(1017, 208, 0, 120, 8, '1506774756', 361, 0, 0),
(1018, 195, 0, 52.1, 28, '1506779946', 362, 0, 0),
(1019, 195, 0, 26.1, 20, '1506779957', 362, 0, 0),
(1020, 209, 0, 53.5, 27, '1506780309', 363, 0, 0),
(1021, 209, 0, 26.8, 20, '1506780323', 363, 0, 0),
(1022, 210, 0, 120, 14, '1507285158', 367, 0, 0),
(1023, 178, 0, 60, 14, '1507285961', 364, 0, 0),
(1024, 191, 0, 60, 14, '1507285978', 364, 0, 0),
(1025, 211, 0, 180, 14, '1507286131', 365, 0, 0),
(1026, 201, 0, 210, 14, '1507286272', 366, 0, 0),
(1027, 212, 0, 90, 14, '1507286412', 366, 0, 0),
(1028, 205, 0, 60, 13, '1507286553', 367, 0, 0),
(1029, 213, 0, 60, 8, '1507287849', 368, 0, 0),
(1030, 213, 0, 63.55, 36, '1507288286', 368, 502, 0),
(1031, 213, 0, 63.55, 35, '1507288312', 368, 503, 0),
(1032, 206, 0, 51.45, 36, '1507288455', 369, 504, 0),
(1033, 206, 0, 51.45, 35, '1507288477', 369, 505, 0),
(1034, 203, 0, 51.1, 35, '1507288854', 370, 506, 0),
(1035, 203, 0, 51.1, 36, '1507288875', 370, 507, 0),
(1036, 214, 0, 52.95, 37, '1507289415', 371, 508, 0),
(1037, 214, 0, 52.95, 38, '1507289442', 371, 509, 0),
(1038, 215, 0, 120, 1, '1507295112', 372, 0, 0),
(1039, 215, 0, 120, 8, '1507295121', 372, 0, 0),
(1040, 194, 0, 30, 1, '1507295200', 373, 0, 0),
(1041, 194, 0, 30, 8, '1507295208', 373, 0, 0),
(1042, 216, 0, 90, 1, '1507295233', 373, 0, 0),
(1043, 216, 0, 90, 8, '1507295243', 373, 0, 0),
(1044, 207, 0, 41.5, 20, '1507365307', 374, 0, 0),
(1045, 207, 0, 41.5, 24, '1507365335', 374, 0, 0),
(1046, 217, 0, 43.65, 20, '1507365487', 375, 0, 0),
(1047, 217, 0, 43.65, 23, '1507365501', 375, 0, 0),
(1048, 211, 0, 31.9, 20, '1507368664', 376, 0, 0),
(1049, 211, 0, 63.8, 31, '1507368679', 376, 0, 0),
(1050, 219, 0, 36.1, 20, '1507368825', 377, 0, 0),
(1051, 219, 0, 72.3, 27, '1507368852', 377, 0, 0),
(1052, 188, 0, 60, 14, '1507368984', 378, 0, 0),
(1053, 196, 0, 60, 14, '1507369031', 379, 0, 0),
(1054, 198, 0, 62.9, 35, '1507369473', 380, 516, 0),
(1055, 198, 0, 62.9, 36, '1507369499', 380, 517, 0),
(1056, 187, 0, 66.3, 36, '1507369700', 381, 518, 0),
(1057, 187, 0, 66.3, 37, '1507369742', 381, 519, 0),
(1058, 175, 0, 52.75, 37, '1507369899', 382, 520, 0),
(1059, 175, 0, 52.75, 39, '1507369937', 382, 521, 0),
(1060, 220, 0, 50.7, 36, '1507370689', 383, 522, 0),
(1061, 220, 0, 50.7, 35, '1507370728', 383, 523, 0),
(1062, 216, 0, 51.45, 35, '1507370917', 384, 524, 0),
(1063, 216, 0, 51.45, 36, '1507370952', 384, 525, 0),
(1064, 213, 0, 60, 8, '1507373968', 385, 0, 0),
(1065, 213, 0, 120, 1, '1507373976', 385, 0, 0),
(1066, 8, 0, 60, 6, '1507375893', 386, 0, 0),
(1067, 8, 0, 120, 1, '1507376369', 386, 0, 0),
(1068, 217, 0, 180, 13, '1507377360', 387, 0, 0),
(1069, 85, 0, 60, 6, '1507377845', 388, 0, 0),
(1070, 85, 0, 120, 7, '1507377869', 388, 0, 0),
(1071, 85, 0, 180, 1, '1507377906', 388, 526, 0),
(1072, 221, 0, 180, 14, '1507379906', 389, 0, 0),
(1073, 214, 0, 60, 14, '1507380414', 390, 0, 0),
(1074, 214, 0, 60, 13, '1507380426', 390, 0, 0),
(1075, 219, 0, 180, 14, '1507380504', 391, 0, 0),
(1076, 206, 0, 60, 1, '1507380928', 392, 0, 0),
(1077, 206, 0, 60, 8, '1507380936', 392, 0, 0),
(1078, 220, 0, 60, 1, '1507381088', 393, 0, 0),
(1079, 220, 0, 60, 8, '1507381111', 393, 0, 0),
(1080, 6, 0, 60, 4, '1507381500', 394, 0, 0),
(1081, 6, 0, 60, 1, '1507381524', 394, 528, 0),
(1082, 6, 0, 60, 8, '1507381535', 394, 0, 0),
(1083, 6, 0, 60, 7, '1507381552', 394, 0, 0),
(1084, 6, 0, 60, 6, '1507381596', 394, 0, 0),
(1085, 4, 0, 60, 1, '1507382186', 395, 529, 0),
(1086, 4, 0, 120, 7, '1507382198', 395, 0, 0),
(1087, 4, 0, 120, 8, '1507382205', 395, 0, 0);
INSERT INTO `paavudetails` (`id`, `paavuid`, `carry_paavuid`, `kg`, `color`, `date`, `printno`, `threadid`, `yarnprintno`) VALUES
(1088, 4, 0, 60, 5, '1507382226', 395, 0, 0),
(1089, 4, 0, 60, 6, '1507382423', 395, 530, 0),
(1090, 4, 0, 120, 3, '1507382439', 395, 531, 0),
(1091, 209, 0, 120, 14, '1507616755', 396, 0, 0),
(1092, 195, 0, 120, 14, '1507616800', 397, 0, 0),
(1093, 177, 0, 60, 13, '1507637782', 398, 0, 0),
(1094, 222, 0, 180, 8, '1507722811', 399, 0, 0),
(1095, 222, 0, 180, 1, '1507722828', 399, 534, 0),
(1096, 161, 0, 60, 14, '1507726563', 400, 0, 0),
(1097, 223, 0, 43, 22, '1507798210', 401, 0, 0),
(1098, 223, 0, 43, 20, '1507798223', 401, 0, 0),
(1099, 223, 0, 180, 13, '1507798268', 401, 0, 0),
(1100, 186, 131, 8.1, 0, '1507963093', 0, 0, 0),
(1101, 221, 0, 62.4, 27, '1507970032', 402, 0, 0),
(1102, 221, 0, 31.2, 20, '1507970049', 402, 0, 0),
(1103, 212, 0, 67.4, 27, '1507970169', 403, 0, 0),
(1104, 212, 0, 33.7, 20, '1507970186', 403, 0, 0),
(1105, 205, 0, 52.05, 20, '1507970304', 404, 0, 0),
(1106, 205, 0, 52.05, 23, '1507970321', 404, 0, 0),
(1107, 210, 0, 30.9, 20, '1507970486', 404, 0, 0),
(1108, 210, 0, 61.8, 28, '1507970501', 404, 0, 0),
(1109, 196, 0, 30.9, 20, '1507970607', 405, 0, 0),
(1110, 196, 0, 61.8, 27, '1507970618', 405, 0, 0),
(1111, 224, 0, 30.9, 20, '1507970813', 406, 0, 0),
(1112, 224, 0, 61.7, 27, '1507970826', 406, 0, 0),
(1113, 225, 0, 26, 20, '1507970859', 406, 0, 0),
(1114, 225, 0, 52, 27, '1507970874', 406, 0, 0),
(1115, 218, 0, 30.9, 20, '1507970951', 407, 0, 0),
(1116, 218, 0, 61.9, 27, '1507970964', 407, 0, 0),
(1117, 226, 0, 51.6, 20, '1507971079', 408, 0, 0),
(1118, 226, 0, 51.6, 24, '1507971091', 408, 0, 0),
(1119, 227, 0, 26, 20, '1507971201', 409, 0, 0),
(1120, 227, 0, 52.1, 28, '1507971227', 409, 0, 0),
(1121, 205, 0, 60, 13, '1507971560', 410, 0, 0),
(1122, 210, 0, 60, 14, '1507971711', 410, 0, 0),
(1123, 228, 0, 60, 14, '1507971725', 410, 0, 0),
(1124, 212, 0, 120, 14, '1507971814', 411, 0, 0),
(1125, 229, 0, 240, 14, '1507971898', 411, 0, 0),
(1126, 230, 0, 60, 13, '1507972029', 412, 0, 0),
(1127, 230, 0, 60, 14, '1507972053', 412, 0, 0),
(1128, 231, 0, 120, 1, '1507972151', 413, 0, 0),
(1129, 231, 0, 120, 7, '1507972162', 413, 0, 0),
(1130, 231, 0, 120, 8, '1507972172', 413, 0, 0),
(1131, 6, 0, 120, 8, '1509044830', 414, 0, 0),
(1132, 6, 0, 50, 27, '1509044853', 414, 0, 0),
(1133, 6, 0, 250, 20, '1509044867', 414, 0, 0),
(1134, 6, 0, 60, 14, '1509044884', 414, 0, 0),
(1135, 4, 0, 100, 28, '1520171873', 0, 0, 0),
(1136, 4, 0, 100, 45, '1520175942', 0, 567, 0),
(1137, 4, 0, 150, 45, '1520176323', 0, 568, 0),
(1141, 4, 0, 170, 46, '1520232694', 0, 570, 0),
(1143, 4, 0, 120, 46, '1520232738', 0, 572, 0),
(1144, 4, 0, 100, 22, '1520232827', 0, 0, 0),
(1145, 4, 0, 125, 48, '1520232890', 0, 573, 0),
(1146, 232, 0, 1000, 14, '1520393099', 0, 574, 0),
(1147, 232, 0, 300, 11, '1520393152', 0, 575, 0),
(1148, 232, 0, 60, 34, '1520393230', 0, 576, 0),
(1149, 232, 0, 120, 48, '1520394663', 0, 577, 0);

-- --------------------------------------------------------

--
-- Table structure for table `paavus`
--

CREATE TABLE `paavus` (
  `id` int(50) NOT NULL,
  `paavuno` int(20) NOT NULL,
  `name` varchar(50) CHARACTER SET utf8 COLLATE utf8_bin NOT NULL,
  `userid` int(50) NOT NULL,
  `price` double NOT NULL,
  `date` timestamp NOT NULL DEFAULT CURRENT_TIMESTAMP,
  `color` varchar(50) CHARACTER SET utf8 COLLATE utf8_bin NOT NULL,
  `status` int(10) NOT NULL,
  `statusupdate` varchar(50) NOT NULL,
  `carry_paavuid` int(20) NOT NULL,
  `closeamount` double NOT NULL
) ENGINE=InnoDB DEFAULT CHARSET=latin1;

--
-- Dumping data for table `paavus`
--

INSERT INTO `paavus` (`id`, `paavuno`, `name`, `userid`, `price`, `date`, `color`, `status`, `statusupdate`, `carry_paavuid`, `closeamount`) VALUES
(3, 1, '3', 2, 6, '2017-06-02 10:56:43', 'Transfer', 1, 'close', 0, -75195),
(4, 2, '3', 2, 6, '2017-06-02 10:57:26', 'All Colors', 0, '', 0, 0),
(5, 1, '3', 3, 6, '2017-06-02 10:58:25', 'Transfer', 1, 'close', 0, -7354),
(6, 2, '3', 3, 6, '2017-06-02 10:59:10', 'All Colors', 0, '', 0, 0),
(7, 1, '3', 4, 6, '2017-06-02 11:01:14', 'Transfer', 1, 'close', 0, -16425),
(8, 2, '1', 4, 5, '2017-06-02 11:02:50', 'All Colors', 0, '', 0, 0),
(9, 1, '3', 5, 6, '2017-06-02 11:04:12', 'Transfer', 1, 'close', 0, -4776),
(10, 2, '3', 5, 6, '2017-06-02 11:05:09', 'All Colors', 0, '', 0, 0),
(11, 1, '3', 7, 6, '2017-06-02 11:06:22', 'Transfer', 1, 'close', 0, -5362),
(12, 2, '3', 7, 6, '2017-06-02 11:07:22', 'All Colors', 0, '', 0, 0),
(13, 1, '2', 8, 5, '2017-06-02 11:10:12', 'Transfer', 1, 'close', 0, -1151),
(14, 2, '2', 8, 6, '2017-06-02 11:12:07', 'All Colors', 1, 'close', 0, 0),
(15, 1, '3', 9, 6, '2017-06-02 11:12:48', 'Transfer', 1, 'close', 0, -4444),
(16, 2, '3', 9, 6, '2017-06-02 11:14:17', 'All Colors', 0, '', 0, 0),
(17, 1, '3', 10, 6, '2017-06-02 11:16:21', 'Transfer', 1, 'close', 0, -6307),
(18, 2, '3', 10, 6, '2017-06-02 11:17:19', 'All Colors', 0, '', 0, 0),
(19, 1, '17', 11, 9, '2017-06-02 11:23:33', 'Transfer', 1, 'close', 0, -9337),
(20, 2, '17', 11, 9, '2017-06-02 11:27:14', 'Yellow', 1, 'carryforward', 22, 0),
(21, 3, '17', 11, 9, '2017-06-02 11:45:07', 'Yellow', 1, 'carryforward', 22, 0),
(22, 4, '17', 11, 9, '2017-06-02 11:50:07', 'Red', 1, 'close', 0, -7500),
(23, 1, '5', 32, 7, '2017-06-02 11:57:52', 'Transfer', 1, 'close', 0, -9161),
(24, 2, '5', 32, 7, '2017-06-02 11:59:19', 'Red', 1, 'carryforward', 134, 0),
(25, 3, '6', 32, 7.5, '2017-06-02 12:03:23', 'Red', 1, 'carryforward', 134, 0),
(26, 1, '6', 28, 7.5, '2017-06-02 12:10:57', 'Gold', 1, 'close', 0, 3190),
(27, 2, '6', 28, 7.5, '2017-06-02 12:13:23', 'Gold', 1, 'carryforward', 112, 0),
(28, 1, '13', 27, 13.5, '2017-06-02 12:17:07', 'Maroon', 1, 'close', 0, -268),
(29, 2, '13', 27, 13.5, '2017-06-02 12:21:23', 'Maroon', 0, '', 0, 0),
(30, 1, '17', 15, 9, '2017-06-02 12:31:39', 'Red', 1, 'close', 0, -5673),
(31, 2, '17', 15, 8.5, '2017-06-02 12:32:34', 'Red', 0, '', 0, 0),
(32, 1, '17', 35, 8, '2017-06-02 12:42:21', 'Transfer', 1, 'close', 0, 682),
(33, 2, '17', 35, 8.5, '2017-06-02 12:43:06', 'Red', 0, '', 0, 0),
(34, 1, '6', 16, 7.5, '2017-06-02 12:51:04', 'Red', 1, 'close', 0, -4605),
(35, 2, '6', 16, 7.5, '2017-06-02 12:52:19', 'Red', 1, 'carryforward', 96, 0),
(36, 1, '3', 34, 6, '2017-06-02 12:58:12', 'Transfer', 1, 'close', 0, -1914),
(37, 2, '3', 34, 6, '2017-06-02 12:59:15', 'All Colors', 0, '', 0, 0),
(38, 1, '13', 22, 13.5, '2017-06-02 13:01:49', 'D Blue', 1, 'close', 0, -2588),
(39, 2, '13', 22, 13.5, '2017-06-02 13:04:27', 'D Blue', 1, 'carryforward', 114, 0),
(40, 1, '6', 30, 7.5, '2017-06-02 13:15:43', 'Transfer', 1, 'close', 0, -402),
(41, 1, '11', 29, 9.5, '2017-06-02 13:19:20', 'Coppie', 1, 'close', 0, 819),
(42, 2, '11', 29, 9.5, '2017-06-02 13:20:40', 'Copiie', 0, '', 0, 0),
(43, 1, '5', 31, 7, '2017-06-02 13:24:34', 'Transfer', 1, 'close', 0, -13752),
(44, 2, '5', 31, 7, '2017-06-02 13:25:29', 'L Blue', 1, 'carryforward', 143, 0),
(45, 3, '5', 31, 7, '2017-06-02 13:25:53', 'N Brown', 1, 'carryforward', 143, 0),
(46, 1, '6', 33, 7.5, '2017-06-02 13:42:43', 'Transfer', 1, 'close', 0, 5724),
(47, 2, '6', 33, 7.5, '2017-06-02 13:43:48', 'L Blue', 1, 'close', 0, -500),
(48, 1, '10', 20, 8.5, '2017-06-02 13:47:06', 'Transfer', 1, 'close', 0, 7939),
(49, 2, '10', 20, 8.5, '2017-06-02 13:48:07', 'L Blue', 1, 'carryforward', 100, 0),
(50, 1, '6', 23, 7.5, '2017-06-02 13:55:23', 'Transfer', 1, 'close', 0, -5055),
(51, 2, '6', 23, 7.5, '2017-06-02 13:56:32', 'Red', 1, 'carryforward', 98, 0),
(52, 3, '6', 23, 7.5, '2017-06-02 13:59:57', 'N Brown', 1, 'carryforward', 98, 0),
(53, 1, '15', 24, 10, '2017-06-02 14:08:14', 'Sammagki', 1, 'close', 0, -16155),
(54, 2, '15', 24, 10, '2017-06-02 14:09:08', 'Sammaki', 0, '', 0, 0),
(55, 1, '10', 21, 8.5, '2017-06-02 14:13:58', 'Transfer', 1, 'close', 0, -3375),
(56, 2, '10', 21, 8.5, '2017-06-02 14:15:38', 'Red', 1, 'close', 0, -700),
(57, 1, '9', 17, 12, '2017-06-02 14:25:52', 'Transfer', 1, 'close', 0, -25706),
(58, 2, '9', 17, 12, '2017-06-02 14:27:24', 'Red', 1, 'carryforward', 113, 0),
(59, 3, '9', 17, 12, '2017-06-02 14:35:05', 'L Blue', 1, 'carryforward', 113, 0),
(60, 1, '11', 26, 7, '2017-06-03 02:51:04', 'Maroon', 1, 'close', 0, 148),
(61, 2, '11', 26, 10, '2017-06-03 02:51:58', 'Maroom', 1, 'carryforward', 132, 0),
(62, 1, '17', 12, 9, '2017-06-03 02:55:50', 'Transfer', 1, 'close', 0, -8033),
(63, 2, '17', 12, 9, '2017-06-03 02:57:48', 'Red', 1, 'carryforward', 64, 0),
(64, 3, '17', 12, 9, '2017-06-03 03:01:42', 'red', 0, '', 0, 0),
(65, 1, '7', 18, 9, '2017-06-03 03:04:20', 'Transfer', 1, 'close', 0, 41092),
(66, 2, '7', 18, 9, '2017-06-03 03:05:42', 'Gold', 1, 'carryforward', 67, 0),
(67, 3, '7', 18, 9, '2017-06-03 03:12:20', 'Gold', 1, 'carryforward', 110, 0),
(68, 4, '8', 18, 10, '2017-06-03 03:14:04', 'Green', 1, 'carryforward', 110, 0),
(69, 1, '13', 25, 12, '2017-06-03 03:16:57', 'Transfer', 1, 'close', 0, -1735),
(70, 2, '13', 25, 14, '2017-06-03 03:19:04', 'Blue', 1, 'close', 0, -8000),
(71, 1, '3', 37, 6, '2017-06-03 03:25:51', 'Transfer', 1, 'close', 0, 120),
(72, 2, '3', 37, 6, '2017-06-03 03:27:37', 'All Colors', 0, '', 0, 0),
(73, 1, '5', 19, 7, '2017-06-03 03:30:07', 'Transfer', 1, 'close', 0, -15564),
(74, 2, '5', 19, 7, '2017-06-03 03:31:04', 'Green', 1, 'carryforward', 75, 0),
(75, 3, '5', 19, 6.5, '2017-06-03 03:34:11', 'red', 1, 'carryforward', 135, 0),
(76, 1, '17', 13, 9, '2017-06-03 03:46:49', 'Transfer', 1, 'close', 0, -11288),
(77, 2, '17', 13, 9, '2017-06-03 03:47:54', 'Red', 1, 'carryforward', 79, 0),
(78, 3, '17', 13, 9, '2017-06-03 03:51:53', 'Yellow', 1, 'close', 0, 0),
(79, 4, '17', 13, 9, '2017-06-03 03:53:48', 'TBD', 1, 'carryforward', 78, 0),
(80, 1, '17', 14, 9, '2017-06-03 03:54:50', 'Transfer', 1, 'close', 0, -14146),
(81, 2, '17', 14, 9, '2017-06-03 03:55:27', 'Red', 1, 'carryforward', 82, 0),
(82, 3, '17', 14, 8.5, '2017-06-03 04:29:45', 'Red', 1, 'carryforward', 144, 0),
(83, 4, '17', 14, 8.5, '2017-06-03 04:32:24', 'Red', 1, 'close', 0, -1272),
(84, 1, '18', 6, 7, '2017-06-03 04:35:29', 'Transfer', 1, 'close', 0, 966),
(85, 2, '18', 6, 7, '2017-06-03 04:36:10', 'Multi Color', 0, '', 0, 0),
(86, 1, '15', 36, 10, '2017-06-03 05:55:19', 'Transfer', 1, 'close', 0, -39039),
(87, 2, '15', 36, 10, '2017-06-03 05:56:09', 'Sammanki', 1, 'carryforward', 125, 0),
(88, 3, '6', 36, 7.5, '2017-06-03 06:06:23', 'Blue', 1, 'close', 0, -1200),
(89, 4, '6', 32, 7.5, '2017-06-03 12:55:49', 'GOLD', 1, 'carryforward', 134, 0),
(90, 4, '6', 23, 7.5, '2017-06-03 12:58:23', 'RED', 1, 'carryforward', 98, 0),
(91, 5, '7', 18, 9, '2017-06-03 14:08:39', 'RED GOLD BLACK', 1, 'carryforward', 110, 0),
(92, 6, '8', 18, 10, '2017-06-05 05:19:51', 'RED', 1, 'carryforward', 101, 0),
(93, 7, '7', 18, 9, '2017-06-05 05:23:29', 'RED', 1, 'carryforward', 110, 0),
(94, 8, '7', 18, 9, '2017-06-05 05:26:22', 'BLUE GOLD BLACK', 1, 'carryforward', 110, 0),
(95, 4, '9', 17, 12, '2017-06-05 05:52:17', 'RED', 1, 'carryforward', 113, 0),
(96, 3, '6', 16, 7.5, '2017-06-05 05:54:44', 'RED', 1, 'carryforward', 124, 0),
(97, 1, '11', 39, 9, '2017-06-10 10:43:51', 'BLUE', 1, 'close', 0, 1440),
(98, 5, '6', 23, 7.5, '2017-06-12 12:36:24', 'BLUE', 1, 'carryforward', 117, 0),
(99, 5, '6', 32, 7.5, '2017-06-12 12:40:11', 'Blue gold black', 1, 'close', 0, 0),
(100, 3, '10', 20, 8.5, '2017-06-12 12:45:27', 'COFFEE', 1, 'close', 0, 11000),
(101, 9, '8', 18, 10, '2017-06-12 12:48:31', 'RED', 1, 'carryforward', 110, 0),
(102, 5, '8', 17, 10, '2017-06-12 12:56:33', 'RED', 1, 'carryforward', 113, 0),
(103, 6, '9', 17, 12, '2017-06-12 12:58:20', 'RED', 1, 'carryforward', 113, 0),
(104, 10, '20', 18, 9, '2017-06-12 13:59:22', 'MULTI COLOUR', 1, 'carryforward', 129, 0),
(105, 7, '9', 17, 12, '2017-06-12 14:10:13', 'GOLD', 1, 'carryforward', 113, 0),
(106, 11, '20', 18, 9, '2017-06-12 14:29:55', 'MULTI COLOUR', 1, 'carryforward', 129, 0),
(107, 2, '11', 39, 9, '2017-06-17 06:36:41', 'Blue', 0, '', 0, 0),
(108, 1, '1', 38, 6, '2017-06-17 09:13:41', 'red', 0, '', 0, 0),
(109, 3, '6', 33, 7.5, '2017-06-21 07:52:33', 'red', 0, '', 0, 0),
(110, 12, '8', 18, 10, '2017-06-24 07:46:41', 'RED', 1, 'carryforward', 129, 0),
(111, 4, '6', 36, 7.5, '2017-06-24 07:54:08', 'RED', 1, 'carryforward', 141, 0),
(112, 3, '6', 28, 7.5, '2017-06-24 07:59:43', 'GOLD', 1, 'carryforward', 128, 0),
(113, 8, '8', 17, 10, '2017-06-30 12:11:47', 'BLUE', 1, 'carryforward', 127, 0),
(114, 3, '13', 22, 13.5, '2017-07-03 12:10:45', 'BLUE', 0, '', 0, 0),
(115, 13, '7', 18, 9, '2017-07-13 09:38:37', 'RED GOLD BLACK', 1, 'carryforward', 129, 0),
(116, 14, '7', 18, 9, '2017-07-13 09:39:16', 'BLUE GOLD BLACK', 1, 'carryforward', 129, 0),
(117, 6, '6', 23, 7.5, '2017-07-13 09:52:37', 'RED GOLD BLACK', 1, 'carryforward', 158, 0),
(118, 15, '7', 18, 9, '2017-07-13 10:17:29', 'RED GREEN ORANGE VOILET', 1, 'carryforward', 129, 0),
(119, 16, '7', 18, 9, '2017-07-14 08:28:12', 'RED BLUE ORANGE GREEN', 1, 'carryforward', 129, 0),
(120, 4, '6', 28, 7.5, '2017-07-24 09:35:47', 'RED', 1, 'close', 0, -300),
(121, 1, '1', 40, 4.75, '2017-07-24 12:32:42', 'red', 0, '', 0, 0),
(122, 17, '20', 18, 9, '2017-07-24 13:28:52', 'green gold black', 1, 'carryforward', 129, 0),
(123, 18, '8', 18, 9.5, '2017-07-24 13:29:17', 'red', 1, 'carryforward', 129, 0),
(124, 4, '6', 16, 7.5, '2017-07-24 13:42:22', 'red', 0, '', 0, 0),
(125, 5, '11', 36, 9, '2017-07-24 13:52:51', 'blue', 1, 'close', 0, -250),
(126, 4, '10', 20, 8, '2017-07-24 13:57:44', 'blue', 1, 'carryforward', 163, 0),
(127, 9, '9', 17, 12, '2017-07-24 13:59:52', 'blue', 1, 'carryforward', 164, 0),
(128, 5, '6', 28, 7.5, '2017-07-24 14:06:30', 'blue', 1, 'close', 0, -150),
(129, 19, '20', 18, 9, '2017-07-25 13:34:43', 'tbd', 1, 'close', 0, -21500),
(130, 3, '13', 27, 13.5, '2017-07-26 12:39:42', 'maroon', 0, '', 0, 0),
(131, 3, '10', 21, 8.5, '2017-07-29 09:58:30', 'maroon', 1, 'carryforward', 186, 0),
(132, 3, '11', 26, 7.5, '2017-07-29 10:04:10', 'maroon', 1, 'carryforward', 165, 0),
(133, 7, '6', 23, 7.5, '2017-07-29 10:07:34', 'red', 1, 'carryforward', 158, 0),
(134, 6, '5', 32, 6.5, '2017-07-31 11:35:33', 'red', 1, 'carryforward', 178, 0),
(135, 4, '5', 19, 6.5, '2017-08-02 08:30:57', 'red', 1, 'close', 0, -2000),
(136, 5, '17', 14, 8.5, '2017-08-02 11:56:54', 'red', 1, 'close', 0, -250),
(137, 4, '13', 22, 13.5, '2017-08-04 12:01:50', 'blue', 0, '', 0, 0),
(138, 5, '10', 20, 8.5, '2017-08-05 10:39:52', 'coffee', 1, 'carryforward', 163, 0),
(139, 10, '8', 17, 0, '2017-08-05 11:34:52', 'red', 1, 'carryforward', 164, 0),
(140, 11, '9', 17, 12, '2017-08-05 11:35:19', 'red', 1, 'carryforward', 164, 0),
(141, 6, '6', 36, 7.5, '2017-08-05 12:25:01', 'blue', 1, 'carryforward', 193, 0),
(142, 5, '17', 11, 8.5, '2017-08-07 10:05:06', 'red', 0, '', 0, 0),
(143, 4, '5', 31, 6.5, '2017-08-07 11:16:54', 'blue', 1, 'carryforward', 159, 0),
(144, 6, '17', 14, 8.5, '2017-08-12 12:50:38', 'red,2620-1000', 0, '', 0, 0),
(145, 6, '6', 28, 7.5, '2017-08-16 11:06:45', 'green', 1, 'carryforward', 176, 0),
(146, 7, '11', 36, 9, '2017-08-17 04:53:34', 'coffee', 1, 'carryforward', 185, 0),
(147, 5, '6', 16, 7.5, '2017-08-17 05:01:36', 'N Brown', 0, '', 0, 0),
(148, 20, '7', 18, 9, '2017-08-17 05:09:46', 'red', 0, '', 0, 0),
(149, 7, '6', 32, 7.5, '2017-08-17 05:16:12', 'red', 0, '', 0, 0),
(150, 3, '13', 25, 13.5, '2017-08-17 10:38:34', 'maroon,3640-750', 1, 'carryforward', 175, 0),
(151, 4, '13', 27, 13.5, '2017-08-18 11:00:09', 'maroon.3640-750', 0, '', 0, 0),
(152, 4, '17', 12, 8.5, '2017-08-19 13:11:05', 'red', 0, '', 0, 0),
(153, 21, '8', 18, 9.5, '2017-08-21 07:50:12', 'N.brown,3900,1000', 0, '', 0, 0),
(154, 8, '6', 23, 7.5, '2017-08-21 07:57:08', 'blue-3360-1000', 1, 'carryforward', 158, 0),
(155, 1, '21', 41, 11, '2017-08-22 10:15:07', 'maroon,4600,750', 1, 'carryforward', 187, 0),
(156, 6, '17', 11, 8.5, '2017-08-24 10:45:12', 'RED,2620-1000', 0, '', 0, 0),
(157, 6, '10', 20, 8.5, '2017-08-26 07:17:46', 'red', 1, 'carryforward', 163, 0),
(158, 9, '6', 23, 7.5, '2017-08-30 05:21:34', 'red,3360,1000', 0, '', 0, 0),
(159, 5, '5', 31, 6.5, '2017-08-30 05:25:07', 'red,2830,1000', 0, '', 0, 0),
(160, 5, '5', 19, 6.5, '2017-08-30 05:34:39', 'red,2830-1000', 0, '', 0, 0),
(161, 6, '5', 19, 6.5, '2017-08-30 07:57:25', 'blue,2830-1000', 0, '', 0, 0),
(162, 8, '5', 32, 6.5, '2017-08-30 09:41:07', 'blue,2830-1000', 0, '', 0, 0),
(163, 7, '10', 20, 8.5, '2017-08-30 09:43:55', 'red,4220,1000', 0, '', 0, 0),
(165, 4, '11', 26, 9, '2017-08-30 10:14:15', 'red,4400-1000', 0, '', 0, 0),
(166, 4, '10', 21, 8.5, '2017-08-30 10:17:53', 'maroon-4600,1000', 1, 'close', 0, -300),
(167, 22, '7', 18, 9, '2017-08-30 12:30:45', 'blue green,3600-1000', 0, '', 0, 0),
(168, 23, '6', 18, 7.5, '2017-09-02 06:18:19', 'red-3360-1000', 0, '', 0, 0),
(169, 24, '7', 18, 9, '2017-09-02 06:18:45', 'blue-3600-1000', 0, '', 0, 0),
(170, 13, '8', 17, 9.5, '2017-09-05 11:50:38', 'blue-3900-1000', 0, '', 0, 0),
(171, 25, '20', 18, 9, '2017-09-05 13:13:22', 'red green,1000-3600', 0, '', 0, 0),
(172, 2, '21', 41, 15, '2017-09-05 13:29:20', 'blue,4600-750', 1, 'carryforward', 187, 0),
(173, 1, '17', 42, 8, '2017-09-06 11:46:10', 'red&black,2620-1000', 0, '', 0, 0),
(174, 2, '6', 30, 7.5, '2017-09-07 08:01:01', 'blue,3360-1000', 1, 'close', 0, -170),
(175, 4, '13', 25, 13.5, '2017-09-07 10:23:52', 'blue-3640-750', 0, '', 0, 0),
(176, 7, '6', 28, 7.5, '2017-09-09 11:22:46', 'red-3360-1000', 0, '', 0, 0),
(177, 3, '11', 24, 9, '2017-09-09 11:43:47', 'red-5200-1000', 0, '', 0, 0),
(178, 9, '6', 32, 7.5, '2017-09-12 11:39:18', 'gold,3360-1000', 0, '', 0, 0),
(179, 26, '8', 18, 9.5, '2017-09-12 12:05:59', 'gold-3900-1000', 0, '', 0, 0),
(180, 1, '22', 43, 11, '2017-09-12 12:16:33', 'RED,2800', 0, '', 0, 0),
(181, 27, '7', 18, 9, '2017-09-13 12:00:55', 'gold-3600-1000', 0, '', 0, 0),
(182, 8, '10', 20, 8.5, '2017-09-15 07:23:35', 'red-4220-1000', 0, '', 0, 0),
(183, 1, '11', 44, 9, '2017-09-15 08:09:21', 'COFFEE-4400-1000', 0, '', 0, 0),
(184, 8, '6', 36, 7.5, '2017-09-15 08:11:34', 'red-3360-1000', 1, 'carryforward', 193, 0),
(185, 9, '11', 36, 9, '2017-09-15 08:12:12', 'maroon-5250-1000', 0, '', 0, 0),
(186, 5, '10', 21, 8.5, '2017-09-15 11:05:02', 'maroon-4600-1000', 0, '', 0, 0),
(187, 3, '21', 41, 15, '2017-09-15 11:09:09', 'red-4600-750', 0, '', 0, 0),
(188, 6, '6', 16, 7.5, '2017-09-16 07:47:49', 'gold-3360-1000', 0, '', 0, 0),
(189, 5, '17', 13, 9, '2017-09-16 13:04:55', 'RED-2620-1000', 0, '', 0, 0),
(190, 7, '17', 14, 8.5, '2017-09-16 13:07:04', 'red-2620-1000', 0, '', 0, 0),
(191, 10, '5', 32, 6.5, '2017-09-18 06:06:52', 'red-2830-1000', 0, '', 0, 0),
(192, 10, '6', 23, 7.5, '2017-09-18 06:09:18', 'red-3360-1000', 0, '', 0, 0),
(193, 10, '6', 36, 7.5, '2017-09-18 06:17:48', 'red-3360-1000', 0, '', 0, 0),
(194, 7, '17', 11, 8.5, '2017-09-18 13:03:39', 'RED-2620-1000', 0, '', 0, 0),
(195, 1, '5', 45, 6.5, '2017-09-19 08:10:02', 'red-2830-1000', 0, '', 0, 0),
(196, 4, '6', 33, 7.5, '2017-09-20 10:03:22', 'red-3360-1000', 0, '', 0, 0),
(197, 5, '13', 22, 13.5, '2017-09-20 11:44:08', 'blue-3640-750', 0, '', 0, 0),
(198, 2, '17', 42, 8, '2017-09-20 12:04:52', 'red-2620-1000', 0, '', 0, 0),
(199, 2, '22', 43, 11, '2017-09-22 11:18:05', 'red-2800', 0, '', 0, 0),
(200, 14, '9', 17, 12, '2017-09-23 12:09:37', 'gold-4600-1000', 0, '', 0, 0),
(201, 28, '7', 18, 9, '2017-09-23 12:31:17', 'gold-3660-1000', 0, '', 0, 0),
(202, 3, '6', 30, 7.5, '2017-09-23 12:40:51', 'gold-3360-1000', 0, '', 0, 0),
(203, 8, '17', 14, 8.5, '2017-09-23 13:09:04', 'red-2620-1000', 0, '', 0, 0),
(204, 1, '3', 46, 6, '2017-09-28 12:06:12', 'mix', 0, '', 0, 0),
(205, 11, '11', 36, 9, '2017-09-29 05:40:54', 'blue-5250-1000', 0, '', 0, 0),
(206, 6, '17', 13, 9, '2017-09-30 11:02:19', '2620-red', 0, '', 0, 0),
(207, 9, '10', 20, 8.5, '2017-09-30 11:24:33', 'red-4220-1000', 0, '', 0, 0),
(208, 3, '22', 43, 11, '2017-09-30 12:32:08', 'red', 0, '', 0, 0),
(209, 6, '5', 31, 6.5, '2017-09-30 14:04:37', 'red-2830-1000', 0, '', 0, 0),
(210, 12, '6', 36, 7.5, '2017-10-06 10:18:39', 'blue', 0, '', 0, 0),
(211, 11, '6', 23, 7.5, '2017-10-06 10:35:17', 'green-3360-1000', 0, '', 0, 0),
(212, 29, '7', 18, 9, '2017-10-06 10:38:49', 'RED-3660-1000', 0, '', 0, 0),
(213, 3, '17', 42, 8, '2017-10-06 11:01:20', 'red-2620-1250', 0, '', 0, 0),
(214, 5, '13', 27, 13.5, '2017-10-06 11:29:41', 'maroon-3640-750', 0, '', 0, 0),
(215, 4, '22', 43, 11, '2017-10-06 13:05:00', 'red', 0, '', 0, 0),
(216, 8, '17', 11, 8.5, '2017-10-06 13:06:30', 'red-2620-1000', 0, '', 0, 0),
(217, 5, '11', 26, 8.5, '2017-10-07 08:37:36', 'blue-4400-1000', 0, '', 0, 0),
(218, 12, '6', 23, 7.5, '2017-10-07 09:28:30', 'red-3360-1000', 0, '', 0, 0),
(219, 15, '8', 17, 9.5, '2017-10-07 09:33:17', 'red-3900-1000', 0, '', 0, 0),
(220, 9, '17', 14, 8.5, '2017-10-07 09:54:17', 'red-2620-1000', 0, '', 0, 0),
(221, 8, '6', 28, 7.5, '2017-10-07 12:38:06', 'red-3360-1000', 0, '', 0, 0),
(222, 5, '22', 43, 11, '2017-10-11 11:53:11', 'red', 0, '', 0, 0),
(223, 2, '11', 44, 9, '2017-10-12 08:49:37', 'maroon-4400-1000', 0, '', 0, 0),
(224, 11, '6', 32, 7.5, '2017-10-14 08:45:17', 'red-3360-1000', 0, '', 0, 0),
(225, 12, '5', 32, 6.5, '2017-10-14 08:45:33', 'red-2830-1000', 0, '', 0, 0),
(226, 4, '11', 24, 9, '2017-10-14 08:50:46', 'red-5200-1000', 0, '', 0, 0),
(227, 7, '5', 31, 6.5, '2017-10-14 08:52:53', 'red-2830-1000', 0, '', 0, 0),
(228, 13, '6', 36, 7.5, '2017-10-14 09:01:36', 'tbd', 0, '', 0, 0),
(229, 30, '7', 18, 9, '2017-10-14 09:04:16', 'red-3660-1000', 0, '', 0, 0),
(230, 5, '13', 25, 13.5, '2017-10-14 09:07:00', 'tbd', 0, '', 0, 0),
(231, 2, '3', 46, 6, '2017-10-14 09:08:58', 'mix', 0, '', 0, 0),
(232, 16, '8', 17, 9, '2018-03-07 03:23:37', 'red', 0, '', 0, 0);

-- --------------------------------------------------------

--
-- Table structure for table `returnpavudetails`
--

CREATE TABLE `returnpavudetails` (
  `id` int(10) NOT NULL,
  `paavuid` int(10) NOT NULL,
  `carry_paavuid` int(10) NOT NULL,
  `roles` varchar(223) NOT NULL,
  `weight` double NOT NULL,
  `meter` double NOT NULL,
  `amount` double NOT NULL,
  `date` varchar(50) NOT NULL,
  `design` int(50) NOT NULL
) ENGINE=InnoDB DEFAULT CHARSET=latin1;

--
-- Dumping data for table `returnpavudetails`
--

INSERT INTO `returnpavudetails` (`id`, `paavuid`, `carry_paavuid`, `roles`, `weight`, `meter`, `amount`, `date`, `design`) VALUES
(1, 18, 0, '7', 41.9, 209.9, 6, '1495490400', 3),
(2, 20, 0, '2', 16.3, 60.2, 9, '1494021600', 17),
(3, 20, 0, '4', 32.1, 119, 9, '1494453600', 17),
(4, 20, 0, '4', 33.1, 119.5, 9, '1495058400', 17),
(5, 20, 0, '4', 32.7, 119.3, 9, '1495317600', 17),
(6, 20, 0, '8', 65.2, 238.7, 9, '1495663200', 17),
(7, 20, 0, '3', 24, 88.2, 9, '1494626400', 17),
(8, 20, 0, '4', 32.5, 118.9, 9, '1495836000', 17),
(9, 24, 0, '6', 41, 179, 7, '1494799200', 5),
(10, 24, 0, '11', 74.2, 331.9, 7, '1495490400', 5),
(11, 25, 0, '6', 47, 175, 7.5, '1494799200', 6),
(12, 25, 0, '11', 82.9, 321.9, 7.5, '1495490400', 6),
(13, 26, 0, '1', 12, 0, 0, '1496354400', 6),
(14, 29, 0, '2', 21.1, 49.3, 13.5, '1495231200', 13),
(15, 29, 0, '8', 85.1, 195.9, 13.5, '1495922400', 13),
(16, 31, 0, '2', 15.9, 61, 8.5, '1494021600', 17),
(17, 31, 0, '6', 46.9, 182.3, 8.5, '1494972000', 17),
(18, 31, 0, '3', 23.3, 91.5, 8.5, '1495231200', 17),
(19, 32, 0, '1', 1, 0, 0, '1496354400', 17),
(20, 35, 0, '5', 41, 151.2, 7.5, '1494626400', 6),
(21, 35, 0, '7', 54, 214.2, 7.5, '1495231200', 6),
(22, 35, 0, '9', 69.7, 275.8, 7.5, '1495836000', 6),
(23, 39, 0, '6', 62.1, 151, 13.5, '1495231200', 13),
(24, 41, 0, '1', 1, 0, 0, '1496354400', 11),
(25, 44, 0, '9', 58.9, 259, 7, '1494021600', 5),
(26, 44, 0, '14', 92, 405.3, 7, '1494799200', 5),
(27, 44, 0, '10', 67.4, 297.2, 7, '1495490400', 5),
(28, 46, 0, '1', 1, 0, 0, '1496354400', 6),
(29, 48, 0, '1', 1, 0, 0, '1496354400', 10),
(30, 49, 0, '7', 51.5, 213.2, 8.5, '1495663200', 10),
(31, 51, 0, '5', 40.3, 146, 7.5, '1494799200', 6),
(32, 51, 0, '11', 83.1, 319.5, 7.5, '1495490400', 6),
(33, 52, 0, '6', 50.3, 177, 7.5, '1494799200', 6),
(34, 52, 0, '10', 80.6, 296.4, 7.5, '1495490400', 6),
(35, 56, 0, '7', 53.9, 208.6, 8.5, '1495058400', 10),
(36, 56, 0, '5', 39.4, 151.9, 8.5, '1495663200', 10),
(37, 58, 0, '1', 12.1, 32.2, 12, '1494972000', 9),
(38, 58, 0, '9', 109.5, 287.2, 12, '1495231200', 9),
(39, 58, 0, '8', 92.9, 254.2, 12, '1495231200', 9),
(40, 59, 0, '5', 61.4, 155.4, 12, '1495576800', 9),
(41, 60, 0, '1', 1, 0, 0, '1496440800', 11),
(42, 61, 0, '3', 26.3, 0, 0, '1496440800', 11),
(43, 63, 0, '9', 71, 259.9, 8.5, '1495231200', 17),
(44, 63, 0, '20', 151.8, 568.3, 8.5, '1495836000', 17),
(45, 65, 0, '1', 1, 0, 0, '1496440800', 7),
(46, 66, 0, '1', 150.6, 0, 0, '1496440800', 7),
(47, 66, 0, '21', 183.5, 636.1, 9, '1495749600', 7),
(48, 70, 0, '4', 39.8, 85.4, 14, '1493416800', 13),
(49, 70, 0, '6', 55.9, 129, 14, '1494626400', 13),
(50, 71, 0, '1', 1, 0, 0, '1496440800', 3),
(51, 58, 0, '1', 26.9, 0, 0, '1496354400', 9),
(52, 77, 0, '11', 90.5, 333.1, 9, '1494280800', 17),
(53, 77, 0, '8', 69.3, 253.5, 9, '1495749600', 17),
(54, 81, 0, '3', 25.5, 90.4, 8.5, '1493416800', 17),
(55, 81, 0, '11', 92.6, 324.8, 8.5, '1494021600', 17),
(56, 81, 0, '9', 74.6, 264, 8.5, '1494626400', 17),
(57, 81, 0, '7', 58.5, 211.7, 8.5, '1497909600', 17),
(58, 82, 0, '6', 50.5, 180.9, 8.5, '1494626400', 17),
(59, 82, 0, '7', 57.2, 207.5, 8.5, '1495231200', 17),
(60, 84, 0, '1', 1, 0, 0, '1496440800', 18),
(61, 85, 0, '13', 163.2, 422.7, 7, '1495836000', 18),
(62, 87, 0, '1', 10.7, 30.7, 10, '1492984800', 15),
(63, 87, 0, '24', 229.9, 719.2, 10, '1496440800', 15),
(64, 88, 0, '14', 111.4, 410.9, 10, '1496440800', 6),
(65, 31, 0, '9', 68.8, 274.7, 8.5, '1495836000', 17),
(66, 61, 0, '1', 8.1, 30.9, 9, '1496354400', 11),
(67, 47, 0, '12', 88.2, 331, 7.5, '1496268000', 6),
(68, 6, 0, '32', 182.2, 928.5, 6, '1495836000', 3),
(69, 14, 0, '12', 62.7, 382, 5, '1495836000', 2),
(70, 20, 0, '6', 50.1, 179.6, 9, '1496268000', 17),
(71, 21, 0, '5', 41.3, 147.6, 9, '1496268000', 17),
(72, 74, 0, '19', 123.8, 554.4, 7, '1495836000', 5),
(73, 8, 0, '23', 107.6, 721.7, 5, '1495836000', 1),
(74, 81, 0, '3', 30, 108.6, 8.5, '1496440800', 17),
(75, 82, 0, '5', 41.2, 148.7, 8.5, '1496440800', 17),
(76, 25, 0, '12', 93.8, 341.7, 7.5, '1496440800', 6),
(77, 24, 0, '12', 84.8, 362.4, 7, '1496440800', 5),
(78, 37, 0, '3', 18.9, 100.2, 6, '1495836000', 3),
(79, 10, 0, '29', 171.8, 922.4, 6, '1495836000', 3),
(80, 10, 0, '27', 161.8, 862.9, 6, '1496440800', 3),
(81, 12, 0, '31', 190.4, 975.9, 6, '1495836000', 3),
(82, 12, 0, '30', 190.3, 955.8, 6, '1496440800', 3),
(84, 97, 0, '4', 35.5, 124.8, 9, '1495836000', 11),
(85, 83, 0, '5', 41.2, 148.7, 8.5, '1496440800', 17),
(86, 82, 0, '4', 31, 116.7, 8.5, '1496440800', 17),
(87, 16, 0, '55', 350.3, 1784.5, 6.15, '1496613600', 3),
(88, 16, 0, '15', 112.5, 490.2, 7.15, '1496613600', 19),
(89, 6, 0, '30', 188.3, 966.1, 6, '1496440800', 3),
(90, 85, 0, '22', 132.6, 696.1, 6, '1496440800', 3),
(91, 85, 0, '18', 113.4, 564, 7, '1496440800', 18),
(92, 14, 0, '6', 33.2, 199.9, 5, '1496440800', 2),
(93, 52, 0, '13', 96.8, 378.2, 7.5, '1496440800', 6),
(94, 51, 0, '13', 101.6, 383.1, 7.5, '1496440800', 6),
(95, 2, 0, '84', 497.1, 2577.6, 6.25, '1496613600', 3),
(96, 4, 0, '68', 398.6, 2042.9, 6, '1495836000', 3),
(97, 4, 0, '72', 426.5, 2215.5, 6, '1496440800', 3),
(98, 72, 0, '43', 259.3, 1365.8, 6, '1495836000', 3),
(99, 72, 0, '19', 108.8, 562.4, 6, '1496440800', 3),
(100, 21, 0, '5', 41.4, 149.3, 8.5, '1496440800', 17),
(101, 21, 0, '8', 80, 238.6, 8.5, '1496872800', 17),
(102, 21, 0, '4', 30.8, 118.8, 8.5, '1497045600', 17),
(103, 49, 0, '15', 109.4, 454.3, 8.5, '1496354400', 10),
(104, 49, 0, '11', 84.1, 359.5, 8.5, '1497045600', 10),
(105, 56, 0, '5', 38.2, 151.2, 8.5, '1496872800', 10),
(106, 2, 0, '55', 330.3, 1676.3, 6.25, '1497218400', 3),
(107, 29, 0, '8', 79.2, 183.1, 13.5, '1496440800', 13),
(108, 29, 0, '4', 38.6, 89.6, 13.5, '1497045600', 13),
(109, 61, 0, '9', 73.9, 277.7, 9, '1496959200', 11),
(110, 61, 0, '7', 58.5, 219, 9, '1497391200', 11),
(111, 51, 0, '5', 41.9, 155.5, 7.5, '1497304800', 6),
(112, 52, 0, '4', 36.2, 134, 7.5, '1497304800', 6),
(113, 90, 0, '8', 60.2, 232.5, 7.5, '1497304800', 6),
(114, 98, 0, '7', 55.9, 209.4, 7.5, '1497304800', 6),
(115, 18, 0, '14', 83.6, 425.7, 6, '1496440800', 3),
(116, 18, 0, '11', 67.7, 334.2, 6, '1497304800', 3),
(117, 44, 0, '2', 13.5, 57.9, 7, '1496440800', 5),
(118, 45, 0, '11', 70.6, 308.6, 7, '1496440800', 5),
(119, 27, 0, '10', 72.7, 301.1, 7.5, '1496440800', 6),
(120, 27, 0, '10', 80.1, 299.1, 7.5, '1497045600', 6),
(121, 35, 0, '7', 52.1, 213.2, 7.5, '1497045600', 6),
(122, 42, 0, '13', 103.3, 365.7, 9, '1496440800', 11),
(123, 42, 0, '14', 116.7, 405, 9, '1497045600', 11),
(124, 8, 0, '26', 130.1, 838.8, 5, '1496440800', 1),
(125, 8, 0, '30', 142.1, 951.7, 5, '1497304800', 1),
(126, 97, 0, '6', 52.2, 184, 9, '1496440800', 11),
(127, 97, 0, '6', 52.6, 184.7, 9, '1497045600', 11),
(128, 31, 0, '5', 39.1, 152.4, 8.5, '1496786400', 17),
(129, 77, 0, '8', 63.2, 238.9, 9, '1496440800', 17),
(130, 77, 0, '10', 79.8, 296.7, 9, '1497045600', 17),
(131, 82, 0, '9', 73.4, 265.3, 8.5, '1497045600', 17),
(132, 83, 0, '9', 75.4, 272.3, 8.5, '1497045600', 17),
(133, 61, 0, '8', 70.1, 244.8, 9, '1497564000', 11),
(134, 70, 0, '8', 73.9, 177.6, 13.5, '1497045600', 13),
(135, 31, 0, '7', 54.3, 212.3, 8.5, '1497391200', 17),
(136, 39, 0, '11', 101.3, 251.6, 13.5, '1496440800', 13),
(137, 39, 0, '10', 91.9, 221.2, 13.5, '1497045600', 13),
(138, 42, 0, '8', 64.8, 225.1, 9, '1497650400', 11),
(139, 59, 0, '9', 103.7, 278.6, 12, '1495836000', 9),
(140, 58, 0, '9', 104.2, 279.5, 12, '1495836000', 9),
(141, 58, 0, '4', 48.4, 128.6, 12, '1496268000', 9),
(142, 59, 0, '13', 153.9, 406, 12, '1496268000', 9),
(143, 59, 0, '3', 34.7, 93.3, 12, '1496440800', 9),
(144, 59, 0, '1', 16.6, 45.2, 12, '1496786400', 9),
(145, 95, 0, '7', 79.5, 213.4, 12, '1496786400', 9),
(146, 95, 0, '6', 69.2, 186.4, 12, '1497045600', 9),
(147, 95, 0, '10', 114.5, 306.2, 12, '1497391200', 9),
(148, 102, 0, '2', 21.3, 64.3, 9.5, '1497391200', 8),
(149, 102, 0, '7', 71.9, 224.5, 9.5, '1497650400', 8),
(150, 95, 0, '7', 79.5, 215.3, 12, '1497650400', 9),
(151, 103, 0, '5', 55.8, 149.7, 12, '1497650400', 9),
(152, 102, 0, '2', 20.9, 65, 9.5, '1497909600', 8),
(153, 95, 0, '2', 22.1, 60.7, 12, '1497909600', 9),
(154, 103, 0, '6', 69.8, 186.9, 12, '1497909600', 9),
(155, 103, 0, '3', 32.8, 92.7, 12, '1497996000', 9),
(156, 102, 0, '2', 19.6, 62.1, 9.5, '1497996000', 8),
(157, 63, 0, '16', 122.1, 463.8, 8.5, '1497650400', 17),
(158, 63, 0, '1', 9.8, 39.1, 8.5, '1497909600', 17),
(159, 82, 0, '3', 25.9, 93.4, 8.5, '1497650400', 17),
(160, 83, 0, '10', 84.6, 305.1, 8.5, '1497650400', 17),
(161, 10, 0, '29', 176.5, 910.6, 6, '1497045600', 3),
(162, 12, 0, '30', 200.1, 1007.5, 6, '1497045600', 3),
(163, 8, 0, '19', 90.6, 610.4, 5, '1497650400', 1),
(164, 61, 0, '6', 51.1, 194.5, 9, '1498168800', 11),
(165, 14, 0, '10', 54.4, 323.2, 5, '1497045600', 2),
(166, 14, 0, '1', 5.8, 35.5, 5, '1497650400', 2),
(167, 37, 0, '10', 48.5, 307.4, 5, '1497650400', 2),
(168, 21, 0, '6', 47.3, 180.1, 8.5, '1497564000', 17),
(169, 22, 0, '4', 32.3, 119.9, 8.5, '1497564000', 17),
(170, 22, 0, '2', 16.1, 60.3, 8.5, '1497650400', 17),
(171, 21, 0, '1', 7.9, 30.5, 8.5, '1497650400', 17),
(172, 21, 0, '4', 28.6, 107.9, 8.5, '1498082400', 17),
(173, 22, 0, '4', 31.7, 118.6, 8.5, '1498082400', 17),
(174, 22, 0, '1', 15.9, 0, 0, '1498082400', 17),
(175, 35, 0, '5', 39.7, 163, 7.5, '1497650400', 6),
(176, 96, 0, '3', 21.9, 92.3, 7.5, '1497650400', 6),
(177, 39, 0, '4', 42.3, 101.3, 13.5, '1497650400', 13),
(178, 29, 0, '8', 76.1, 181.6, 13.5, '1497650400', 13),
(179, 66, 0, '10', 87.3, 301.9, 9, '1496268000', 7),
(180, 66, 0, '1', 14.3, 51.5, 9, '1496268000', 7),
(181, 67, 0, '24', 207.5, 719.6, 9, '1496268000', 7),
(182, 68, 0, '7', 67.8, 211.9, 10, '1496268000', 8),
(183, 68, 0, '15', 150.1, 456.9, 10, '1496700000', 8),
(184, 68, 0, '10', 100.2, 308.1, 10, '1496959200', 8),
(185, 93, 0, '10', 89.1, 306, 9, '1496700000', 7),
(186, 93, 0, '11', 99.7, 334, 9, '1496959200', 7),
(187, 93, 0, '11', 101.1, 343.7, 9, '1497304800', 7),
(188, 92, 0, '10', 100.4, 306.6, 10, '1497304800', 8),
(189, 94, 0, '11', 97.8, 332.6, 9, '1497304800', 7),
(190, 91, 0, '1', 8.6, 30.5, 9, '1497304800', 7),
(191, 92, 0, '10', 98.2, 306.4, 10, '1497564000', 8),
(192, 91, 0, '11', 98.2, 334.8, 9, '1497564000', 7),
(193, 94, 0, '10', 86.6, 301.6, 9, '1497564000', 7),
(194, 10, 0, '28', 171.5, 905.5, 6, '1497650400', 3),
(195, 10, 0, '28', 169.1, 891.1, 6, '1498255200', 3),
(196, 12, 0, '30', 187.9, 958.2, 6, '1497650400', 3),
(197, 12, 0, '31', 191.5, 977, 6, '1498255200', 3),
(198, 8, 0, '23', 110.8, 743.7, 5, '1498255200', 1),
(199, 33, 0, '7', 62.7, 217.9, 7.5, '1497823200', 17),
(200, 33, 0, '15', 135.1, 472.1, 7.5, '1498168800', 17),
(201, 33, 0, '12', 108.7, 364.5, 7.5, '1498773600', 17),
(202, 96, 0, '9', 72.9, 274.4, 7.5, '1498255200', 6),
(203, 78, 0, '11', 87.5, 326.6, 9, '1498168800', 17),
(204, 78, 0, '7', 56.9, 208, 9, '1498773600', 17),
(205, 85, 0, '25', 157.8, 795.5, 7, '1497045600', 18),
(206, 85, 0, '29', 167.6, 914.2, 6, '1497045600', 3),
(207, 85, 0, '23', 147.2, 742.8, 7, '1497650400', 18),
(208, 85, 0, '29', 170, 909.7, 6, '1497650400', 3),
(209, 85, 0, '33', 152.1, 755.6, 7, '1498255200', 18),
(210, 85, 0, '27', 159.8, 868.3, 6, '1498255200', 3),
(211, 100, 0, '11', 83.2, 340.6, 8.5, '1498255200', 10),
(212, 100, 0, '15', 112.3, 460.9, 8.5, '1498773600', 10),
(213, 74, 0, '15', 95.8, 441.7, 7, '1497045600', 5),
(214, 78, 0, '8', 61.4, 235.7, 9, '1497650400', 17),
(215, 78, 0, '2', 16, 59.3, 9, '1498773600', 17),
(216, 114, 0, '6', 57.3, 136.8, 13.5, '1498255200', 13),
(217, 114, 0, '6', 55.9, 139.6, 13.5, '1498773600', 13),
(218, 90, 0, '10', 73.5, 291.5, 7.5, '1497909600', 6),
(219, 98, 0, '10', 78.5, 296.1, 7.5, '1497909600', 6),
(220, 98, 0, '13', 104.3, 388.5, 7.5, '1498773600', 6),
(221, 90, 0, '13', 98, 379.2, 7.5, '1498773600', 6),
(222, 70, 0, '5', 45.7, 109.6, 13.5, '1497650400', 13),
(223, 70, 0, '5', 45.2, 110.2, 13.5, '1498255200', 13),
(224, 27, 0, '11', 92.5, 330.4, 7.5, '1497650400', 6),
(225, 27, 0, '2', 17.4, 60.8, 7.5, '1498255200', 6),
(226, 112, 0, '6', 50, 179.3, 7.5, '1498773600', 6),
(227, 45, 0, '22', 145.5, 625.8, 7, '1497909600', 5),
(228, 31, 0, '2', 11.7, 46, 8.5, '1497650400', 17),
(229, 47, 0, '10', 73.3, 269, 7.5, '1497391200', 6),
(230, 47, 0, '5', 35.5, 142.3, 7.5, '1497996000', 6),
(231, 96, 0, '6', 48.3, 187, 7.5, '1498773600', 6),
(232, 37, 0, '17', 83.7, 524, 5, '1498255200', 2),
(233, 24, 0, '5', 32.5, 134.8, 7, '1497909600', 5),
(234, 25, 0, '5', 42.9, 156.8, 7.5, '1497909600', 6),
(235, 89, 0, '7', 52.1, 209.3, 7.5, '1497909600', 6),
(236, 89, 0, '10', 75.8, 293.8, 7.5, '1498773600', 6),
(237, 97, 0, '7', 72.5, 214.3, 9, '1497650400', 11),
(238, 97, 0, '3', 26.4, 90.9, 9, '1498255200', 11),
(239, 22, 0, '3', 23.7, 87.1, 8.5, '1498255200', 17),
(240, 83, 0, '4', 32.1, 119.4, 8.5, '1498255200', 17),
(241, 56, 0, '14', 106.8, 423.2, 8.5, '1497996000', 10),
(242, 88, 0, '8', 64.8, 236.6, 7.5, '1498168800', 6),
(243, 2, 0, '52', 315.8, 1599.6, 6.25, '1497823200', 3),
(244, 16, 0, '9', 62.9, 275.5, 7.15, '1497304800', 19),
(245, 16, 0, '36', 223.5, 1122.3, 6.15, '1497304800', 3),
(246, 16, 0, '31', 197.4, 1010.1, 6.15, '1497909600', 3),
(247, 16, 0, '9', 66.3, 293.8, 7.15, '1497909600', 19),
(248, 6, 0, '34', 206.1, 1079, 6, '1497045600', 3),
(249, 6, 0, '37', 219.3, 1130.6, 6, '1497650400', 3),
(250, 6, 0, '31', 189, 961.6, 6, '1498255200', 3),
(251, 4, 0, '78', 464.8, 2421.5, 6, '1497045600', 3),
(252, 4, 0, '71', 407.1, 2151.4, 6, '1497650400', 3),
(253, 4, 0, '65', 378.5, 1975.9, 6, '1498255200', 3),
(254, 4, 0, '59', 341, 1798.3, 6, '1498773600', 3),
(255, 6, 0, '11', 64, 334.1, 6, '1498773600', 3),
(256, 18, 0, '25', 158.5, 753.2, 6, '1498773600', 3),
(257, 12, 0, '28', 171.3, 883.5, 6, '1498773600', 3),
(258, 10, 0, '26', 157.2, 823.5, 6, '1498773600', 3),
(259, 85, 0, '17', 112.6, 550.3, 7, '1498773600', 18),
(260, 85, 0, '19', 109.9, 598, 6, '1498773600', 3),
(261, 85, 0, '4', 26.4, 132.5, 7, '1498773600', 19),
(262, 102, 0, '7', 71.8, 227.5, 9.5, '1498255200', 8),
(263, 103, 0, '8', 89.8, 248.8, 12, '1498255200', 9),
(264, 103, 0, '8', 96.2, 249, 12, '1498773600', 9),
(265, 102, 0, '8', 87.4, 255.1, 9.5, '1498773600', 8),
(266, 105, 0, '2', 22.6, 56.8, 12, '1498773600', 9),
(267, 105, 0, '8', 92.3, 244.7, 12, '1499205600', 9),
(268, 103, 0, '1', 19.8, 53, 12, '1499205600', 9),
(269, 102, 0, '2', 30.1, 90, 9.5, '1499205600', 8),
(270, 113, 0, '1', 10.8, 32.7, 9.5, '1499205600', 8),
(271, 113, 58, '', 26.2, 0, 0, '1499338119', 0),
(272, 113, 59, '', 1.4, 0, 0, '1499338161', 0),
(273, 113, 102, '', 35, 0, 0, '1499338207', 0),
(274, 92, 0, '17', 165.1, 514.2, 9.5, '1497909600', 8),
(275, 91, 0, '11', 97.9, 335.8, 9, '1497909600', 7),
(276, 94, 0, '11', 97.3, 331.3, 9, '1497909600', 7),
(277, 94, 0, '1', 7.5, 24.5, 9, '1498168800', 7),
(278, 91, 0, '9', 84.3, 281.2, 9, '1498168800', 7),
(279, 101, 0, '14', 137.8, 433, 9.5, '1498168800', 8),
(280, 104, 0, '1', 8.7, 30.7, 9, '1498168800', 7),
(281, 101, 0, '14', 136.3, 428.3, 9.5, '1498514400', 8),
(282, 110, 0, '12', 120.6, 377.1, 9.5, '1498773600', 8),
(283, 104, 0, '22', 198, 674.6, 9, '1498773600', 7),
(284, 106, 0, '11', 99.3, 336.5, 9, '1498773600', 7),
(285, 101, 92, '', 17.5, 0, 0, '1499341214', 0),
(286, 67, 66, '', 36.6, 0, 0, '1499341319', 0),
(287, 110, 91, '', 7, 0, 0, '1499341610', 0),
(288, 110, 93, '', 8.2, 0, 0, '1499341630', 0),
(289, 110, 94, '', 7.4, 0, 0, '1499341654', 0),
(290, 64, 63, '', 56.3, 0, 0, '1499342120', 0),
(291, 79, 77, '', 14.9, 0, 0, '1499342204', 0),
(292, 78, 79, '', 14.9, 0, 0, '1499342484', 0),
(293, 105, 0, '11', 125, 336.5, 12, '1499810400', 9),
(294, 113, 0, '11', 116.1, 348.3, 9.5, '1499810400', 8),
(295, 113, 0, '2', 21.1, 63, 9.5, '1499983200', 8),
(296, 105, 0, '6', 68.6, 184.9, 12, '1499983200', 9),
(297, 104, 0, '10', 86.7, 288.9, 9, '1499896800', 20),
(298, 106, 0, '22', 200.1, 662, 9, '1499896800', 20),
(299, 110, 0, '15', 150.5, 459.1, 9.5, '1499896800', 8),
(300, 118, 0, '10', 90.7, 304.2, 9, '1499896800', 20),
(301, 22, 0, '12', 97.1, 356.2, 8.5, '1500501600', 17),
(302, 112, 0, '10', 83.5, 297.7, 7.5, '1499983200', 6),
(303, 83, 0, '5', 46.9, 173.8, 8.5, '1500069600', 17),
(304, 16, 0, '95', 570.4, 2954.8, 6.15, '1500328800', 3),
(305, 16, 0, '36', 251.2, 1124.4, 7.15, '1500328800', 19),
(306, 2, 0, '167', 986.3, 5105.5, 6.15, '1500328800', 3),
(307, 8, 0, '9', 44.7, 298.3, 5, '1500847200', 1),
(308, 4, 0, '94', 557.1, 2901.7, 6, '1500069600', 3),
(309, 6, 0, '50', 290.9, 1486.2, 6, '1500069600', 3),
(310, 47, 0, '7', 61.1, 240.8, 7.5, '1501020000', 6),
(311, 85, 0, '36', 229.1, 1129, 7, '1500069600', 18),
(312, 85, 0, '37', 258, 1195, 7, '1500069600', 19),
(313, 114, 0, '3', 28.6, 68.1, 13.5, '1500069600', 13),
(314, 70, 0, '1', 26.3, 27.5, 13.5, '1500069600', 13),
(315, 112, 0, '9', 75.1, 267.6, 7.5, '1500674400', 6),
(316, 100, 0, '7', 54.9, 227, 8.5, '1500415200', 10),
(317, 10, 0, '41', 237.8, 1285.2, 6, '1500069600', 3),
(318, 88, 0, '12', 92.8, 361.2, 7.5, '1500328800', 6),
(319, 78, 0, '6', 49.6, 182.2, 9, '1500069600', 17),
(320, 105, 0, '4', 59.4, 157.7, 12, '1500328800', 9),
(321, 113, 0, '3', 31.8, 95.5, 9.5, '1500328800', 8),
(322, 113, 0, '12', 121.7, 366.6, 9.5, '1501020000', 8),
(323, 110, 0, '6', 59.9, 182.7, 9.5, '1500328800', 8),
(324, 115, 0, '4', 36.5, 123, 9, '1500328800', 7),
(325, 118, 0, '13', 119, 395.3, 9, '1500328800', 20),
(326, 119, 0, '5', 46.2, 147.9, 9, '1500328800', 20),
(327, 123, 0, '9', 88.7, 272.4, 9.5, '1500588000', 8),
(328, 115, 0, '9', 83.7, 274.5, 9, '1500588000', 20),
(329, 118, 0, '9', 84.8, 273.3, 9, '1500588000', 20),
(330, 119, 0, '9', 84.4, 271.8, 9, '1500588000', 20),
(331, 123, 0, '11', 106.8, 332.9, 9.5, '1501020000', 8),
(332, 115, 0, '12', 110.5, 364.1, 9, '1501020000', 20),
(333, 116, 0, '7', 65.8, 213.1, 9, '1501020000', 20),
(334, 118, 0, '1', 12.8, 42.2, 9, '1501020000', 20),
(335, 119, 0, '12', 112.5, 361.1, 9, '1501020000', 20),
(336, 113, 0, '2', 23.5, 69.9, 9.5, '1501192800', 8),
(337, 56, 0, '3', 19.4, 76.9, 8.5, '1501538400', 10),
(338, 112, 0, '8', 68.7, 237.9, 7.5, '1501279200', 6),
(339, 128, 0, '1', 8.6, 29.5, 7.5, '1501279200', 6),
(340, 128, 0, '7', 51.1, 178.2, 7.5, '1501624800', 6),
(341, 2, 0, '75', 428.3, 2274.9, 6.15, '1501624800', 3),
(342, 132, 61, '', 20.9, 0, 0, '1501928978', 0),
(343, 16, 0, '40', 247.2, 1221.2, 6.15, '1501624800', 3),
(344, 16, 0, '28', 193.5, 859.9, 7.15, '1501624800', 19),
(345, 115, 0, '7', 66.2, 221.6, 9, '1501192800', 7),
(346, 116, 0, '7', 64.6, 212.6, 9, '1501192800', 7),
(347, 119, 0, '6', 56.1, 180.4, 9, '1501192800', 7),
(348, 123, 0, '7', 68.7, 213.5, 9.5, '1501192800', 8),
(349, 123, 0, '4', 39.2, 120.7, 9.5, '1501538400', 8),
(350, 116, 0, '10', 91.3, 304.1, 9, '1501538400', 7),
(351, 119, 0, '1', 12.9, 40.5, 9, '1501538400', 7),
(352, 122, 0, '10', 91.3, 304.1, 9, '1501538400', 20),
(353, 111, 0, '11', 87.6, 325.2, 7.5, '1501452000', 6),
(354, 125, 0, '3', 23.8, 90.8, 9.5, '1501452000', 11),
(355, 18, 0, '14', 83.2, 425.7, 6, '1501452000', 3),
(356, 121, 0, '6', 28.3, 191.8, 4.75, '1498600800', 1),
(357, 126, 0, '10', 77.2, 306.1, 8.5, '1501279200', 10),
(358, 89, 0, '18', 132, 510.9, 7.5, '1501452000', 6),
(359, 99, 0, '12', 85.9, 340, 7.5, '1501452000', 6),
(360, 96, 0, '15', 120.5, 460.5, 7.5, '1501279200', 6),
(361, 124, 0, '10', 76.4, 294.1, 7.5, '1501279200', 6),
(362, 114, 0, '5', 49.7, 110.2, 13.5, '1501279200', 13),
(363, 98, 0, '3', 26.9, 103.3, 7.5, '1501452000', 6),
(364, 90, 0, '5', 32.2, 125, 7.5, '1501452000', 6),
(365, 117, 0, '21', 170.6, 614.1, 7.5, '1501452000', 6),
(366, 133, 0, '3', 22.1, 78.6, 7.5, '1501452000', 6),
(367, 127, 0, '6', 67.6, 188.2, 12, '1501538400', 9),
(368, 121, 0, '25', 113.1, 773.5, 4.75, '1501797600', 1),
(369, 85, 0, '22', 142.2, 701.4, 7, '1501279200', 18),
(370, 85, 0, '22', 151.3, 698.7, 7, '1501279200', 19),
(371, 6, 0, '25', 150.7, 765.1, 6, '1501884000', 3),
(372, 4, 0, '3', 16.4, 90.9, 5, '1501884000', 2),
(373, 4, 0, '37', 227.6, 1149.6, 6, '1501884000', 3),
(374, 126, 0, '13', 97.9, 396.7, 8.5, '1501884000', 10),
(375, 12, 0, '14', 85.2, 446, 6, '1501279200', 3),
(376, 10, 0, '5', 35.9, 194.9, 6, '1501279200', 3),
(377, 132, 0, '4', 32.1, 115.3, 9, '1501884000', 11),
(378, 124, 0, '11', 81.7, 287.3, 7.5, '1501884000', 6),
(379, 125, 0, '7', 59.7, 210.4, 9.5, '1501884000', 11),
(380, 111, 0, '7', 57.9, 200.1, 7.5, '1501884000', 6),
(381, 6, 0, '50', 294.5, 1524.1, 6, '1501279200', 3),
(382, 4, 0, '40', 238.9, 1230.9, 6, '1501279200', 3),
(383, 4, 0, '33', 188.4, 995.5, 4, '1501279200', 3),
(384, 2, 0, '35', 195.2, 1020.5, 6.15, '1502143200', 3),
(385, 16, 0, '14', 88.4, 439.5, 6.15, '1502143200', 3),
(386, 122, 0, '8', 70.9, 244.4, 9, '1502143200', 20),
(387, 116, 0, '7', 62.8, 209.8, 9, '1502143200', 7),
(388, 22, 0, '4', 32.7, 118.2, 8.5, '1502316000', 17),
(389, 75, 0, '1', 6.5, 29.6, 6.5, '1502316000', 5),
(390, 128, 0, '10', 70.3, 254.4, 7.5, '1502229600', 6),
(391, 116, 0, '1', 12.1, 41, 9, '1502402400', 7),
(392, 122, 0, '11', 99.1, 330, 9, '1502402400', 20),
(393, 122, 0, '3', 30.4, 100, 9, '1502488800', 0),
(394, 129, 106, '', 13.4, 0, 0, '1502522081', 0),
(395, 129, 115, '', 16.4, 0, 0, '1502522124', 0),
(396, 129, 116, '', 15.85, 0, 0, '1502522150', 0),
(397, 4, 0, '57', 346.6, 1743.3, 6, '1502488800', 3),
(398, 4, 0, '9', 50.5, 283.9, 5, '1502488800', 2),
(399, 6, 0, '32', 189.8, 955.6, 6, '1502488800', 3),
(400, 136, 0, '12', 98.4, 366.3, 8.5, '1502488800', 17),
(401, 114, 0, '7', 68, 160.4, 13.5, '1502488800', 13),
(402, 124, 0, '9', 66.2, 230.7, 7.5, '1502488800', 6),
(403, 121, 0, '28', 128.7, 844, 4.75, '1502402400', 1),
(404, 130, 0, '4', 40.4, 93.4, 13.5, '1502488800', 13),
(405, 132, 0, '5', 43.4, 151.3, 9, '1502402400', 11),
(406, 128, 0, '6', 43.4, 152.1, 7.5, '1502488800', 6),
(407, 132, 0, '14', 117.3, 421.6, 9, '1503007200', 11),
(408, 22, 0, '4', 41.1, 148.5, 8.5, '1502920800', 17),
(409, 142, 0, '2', 16.2, 58.8, 8.5, '1502920800', 17),
(410, 127, 0, '6', 71.7, 187.5, 12, '1502488800', 9),
(411, 140, 0, '7', 86.9, 211.8, 12, '1502488800', 9),
(412, 139, 0, '4', 40.3, 118, 9.5, '1502488800', 8),
(413, 139, 0, '5', 49.1, 146.4, 9.5, '1502834400', 8),
(414, 127, 0, '7', 82.9, 217.2, 12, '1502834400', 9),
(415, 140, 0, '8', 99.1, 243, 12, '1502834400', 9),
(416, 64, 0, '12', 87.9, 348.4, 8.5, '1502488800', 17),
(417, 18, 0, '11', 66.4, 326.1, 6, '1502661600', 3),
(418, 2, 0, '46', 265.8, 1362.4, 6.15, '1502661600', 3),
(419, 131, 0, '10', 77, 303.2, 8.5, '1502402400', 10),
(420, 121, 0, '28', 130, 841.4, 4.75, '1503007200', 1),
(421, 111, 0, '16', 131.5, 461.8, 7.5, '1503007200', 6),
(422, 125, 0, '19', 151.3, 541.3, 9.5, '1503007200', 11),
(423, 126, 0, '10', 78.8, 317.8, 8.5, '1502488800', 10),
(424, 99, 0, '12', 84.4, 306.5, 7.5, '1502661600', 6),
(425, 134, 0, '12', 81.6, 361.6, 6.5, '1502661600', 5),
(426, 117, 98, '', 28, 0, 0, '1503382781', 0),
(427, 16, 0, '23', 160.5, 691.7, 7.15, '1502920800', 19),
(428, 136, 0, '11', 89.8, 334.7, 8.5, '1503093600', 17),
(429, 128, 0, '11', 85.3, 278.4, 7.5, '1503093600', 6),
(430, 127, 0, '8', 91.5, 250.5, 12, '1502229600', 9),
(431, 139, 0, '4', 39.8, 121.3, 9.5, '1502229600', 8),
(432, 139, 0, '5', 52.2, 151.1, 9.5, '1503093600', 8),
(433, 127, 0, '4', 54.4, 138.5, 12, '1503093600', 9),
(434, 140, 0, '7', 86.6, 215.4, 12, '1503093600', 9),
(435, 75, 0, '24', 159.6, 702.9, 6.5, '1503266400', 5),
(436, 130, 0, '6', 58.6, 137.3, 13.5, '1503093600', 13),
(437, 150, 0, '1', 8.9, 22.2, 13.5, '1503093600', 13),
(438, 114, 0, '6', 55.1, 133, 13.5, '1503093600', 13),
(439, 131, 0, '8', 62.1, 241.5, 8.5, '1503093600', 10),
(440, 124, 0, '7', 47.9, 175.4, 7.5, '1503093600', 6),
(441, 64, 0, '10', 73.6, 292.3, 8.5, '1503093600', 17),
(442, 8, 0, '7', 42, 223.2, 5, '1503093600', 2),
(443, 8, 0, '10', 61, 300.7, 6, '1503093600', 3),
(444, 16, 0, '28', 170.5, 846.9, 6.15, '1502920800', 3),
(445, 37, 0, '1', 110, 0, 0, '1503957600', 2),
(446, 148, 0, '8', 71.2, 241, 9, '1503612000', 7),
(447, 153, 0, '6', 58.6, 183.4, 9.5, '1503612000', 8),
(448, 167, 0, '7', 62.1, 213.3, 9, '1503612000', 7),
(449, 167, 0, '14', 121.1, 427.7, 9, '1503957600', 7),
(450, 153, 0, '13', 124.8, 398.3, 9.5, '1503957600', 8),
(451, 148, 0, '12', 104.3, 360.1, 9, '1503957600', 7),
(452, 2, 0, '39', 225.8, 1147.5, 6.15, '1503093600', 3),
(453, 6, 0, '34', 197.9, 964.4, 6, '1503093600', 3),
(454, 142, 0, '5', 41.1, 153.1, 8.5, '1503525600', 17),
(455, 4, 0, '52', 320.8, 1599.2, 6, '1503093600', 3),
(456, 4, 0, '7', 41.8, 231.9, 5, '1503093600', 2),
(457, 131, 0, '8', 62.2, 242, 8.5, '1503698400', 10),
(458, 132, 0, '6', 53.3, 180.6, 9, '1503871200', 11),
(459, 54, 0, '5', 45.4, 155.7, 9.5, '1503266400', 15),
(460, 147, 0, '11', 77.1, 281.6, 7.5, '1503698400', 6),
(461, 97, 0, '2', 21.9, 76.4, 9, '1503352800', 11),
(462, 128, 0, '3', 26, 84.2, 7.5, '1503698400', 6),
(463, 145, 0, '7', 54.8, 176.4, 7.5, '1503698400', 6),
(464, 45, 0, '2', 17.4, 71.3, 6.5, '1503266400', 5),
(465, 143, 0, '10', 66, 297.9, 6.5, '1503266400', 5),
(466, 155, 0, '2', 24.8, 47.6, 15, '1503612000', 21),
(467, 136, 0, '5', 40.3, 150.9, 8.5, '1503698400', 17),
(468, 64, 0, '12', 91, 342.7, 8.5, '1503698400', 17),
(469, 142, 0, '10', 79, 297.1, 8.5, '1504130400', 17),
(470, 132, 0, '5', 38.8, 130, 9, '1504044000', 11),
(471, 165, 132, '', 38, 0, 0, '1504336154', 0),
(472, 97, 0, '4', 34.7, 120, 9, '1504303200', 11),
(473, 85, 0, '52', 338.7, 1557.6, 7, '1503093600', 19),
(474, 85, 0, '49', 297.4, 1456.8, 7, '1503093600', 18),
(475, 85, 0, '12', 70.2, 339.4, 7, '1503698400', 18),
(476, 85, 0, '12', 72.4, 353.1, 7, '1503698400', 19),
(477, 139, 0, '6', 60.6, 181.1, 9.5, '1503439200', 8),
(478, 140, 0, '7', 82.7, 209.3, 12, '1503439200', 9),
(479, 140, 0, '3', 47.5, 116.8, 12, '1503698400', 9),
(480, 139, 0, '6', 59.8, 183, 9.5, '1503698400', 8),
(481, 139, 0, '2', 23.9, 72.4, 9.5, '1503698400', 8),
(482, 4, 0, '56', 336.2, 1711.2, 6, '1503698400', 3),
(483, 164, 139, '', 36.8, 0, 0, '1504356426', 0),
(484, 164, 140, '', 34.1, 0, 0, '1504356441', 0),
(485, 6, 0, '31', 183.2, 904.2, 6, '1503698400', 3),
(486, 125, 0, '6', 55.1, 183.1, 9.5, '1504216800', 11),
(487, 141, 0, '10', 85.2, 282.2, 7.5, '1504216800', 6),
(488, 141, 111, '', 3.6, 0, 0, '1504524952', 0),
(489, 54, 0, '18', 163.8, 550.5, 9.5, '1504303200', 15),
(490, 164, 0, '6', 82.2, 221.4, 12, '1504303200', 9),
(491, 150, 0, '6', 53.9, 131.1, 13.5, '1503698400', 13),
(492, 150, 0, '7', 61.9, 152, 13.5, '1504303200', 13),
(493, 16, 0, '34', 209.3, 1018.9, 6.15, '1503957600', 3),
(494, 16, 0, '24', 165.9, 714.6, 7.15, '1503957600', 19),
(495, 121, 0, '25', 111.7, 726.1, 4.75, '1503612000', 1),
(496, 135, 0, '25', 164.7, 729.1, 6.5, '1504303200', 5),
(497, 165, 0, '2', 16.5, 62.6, 9, '1505253600', 11),
(498, 165, 0, '6', 53.5, 185.5, 9, '1505426400', 11),
(499, 37, 0, '1', 7.4, 45.5, 5, '1503957600', 2),
(500, 173, 0, '2', 15.6, 58.8, 8, '1505080800', 17),
(501, 145, 0, '13', 102, 324.8, 7.5, '1504303200', 6),
(502, 145, 0, '9', 91.1, 303.6, 7.5, '1504908000', 6),
(503, 155, 0, '14', 237.4, 440, 15, '1504216800', 21),
(504, 145, 0, '6', 46.9, 152.2, 7.5, '1505512800', 6),
(505, 176, 145, '', 19.3, 0, 0, '1505549614', 0),
(506, 6, 0, '28', 163.2, 818.6, 6, '1504303200', 3),
(507, 6, 0, '28', 163.3, 824.6, 6, '1504908000', 3),
(508, 143, 0, '15', 108.3, 454.2, 6.5, '1504648800', 5),
(509, 136, 0, '6', 48.6, 181.5, 8.5, '1504303200', 17),
(510, 144, 0, '4', 29.6, 110.1, 8.5, '1504303200', 17),
(511, 144, 0, '10', 82.5, 304.6, 8.5, '1504908000', 17),
(512, 150, 0, '6', 53.6, 131.7, 13.5, '1504908000', 13),
(513, 138, 0, '11', 85.1, 339.1, 8.5, '1503698400', 10),
(514, 138, 0, '16', 123.8, 488.2, 8.5, '1504303200', 10),
(515, 138, 0, '6', 48.4, 188.2, 8.5, '1504908000', 10),
(516, 163, 0, '5', 38.3, 154.3, 8.5, '1504908000', 10),
(517, 75, 0, '16', 107, 475, 6.5, '1505685600', 5),
(518, 99, 0, '14', 96.4, 355.4, 7.5, '1503352800', 6),
(519, 134, 0, '12', 80.1, 359.3, 6.5, '1503352800', 5),
(520, 134, 0, '10', 64.6, 292.5, 6.5, '1503957600', 5),
(521, 149, 0, '10', 68.9, 228.5, 7.5, '1503957600', 6),
(522, 149, 0, '21', 145.9, 530, 7.5, '1505167200', 6),
(523, 162, 0, '20', 131.7, 580.4, 6.5, '1505167200', 5),
(524, 117, 0, '13', 101.6, 366.7, 7.5, '1503352800', 6),
(525, 133, 0, '14', 100.8, 362.4, 7.5, '1503352800', 6),
(526, 133, 0, '11', 79, 286.3, 7.5, '1503957600', 6),
(527, 154, 0, '10', 73.2, 268, 7.5, '1503957600', 6),
(528, 133, 0, '10', 71.9, 249.3, 7.5, '1505167200', 6),
(529, 154, 0, '20', 144.1, 528.1, 7.5, '1505167200', 6),
(530, 158, 0, '9', 64.4, 233.2, 7.5, '1505167200', 6),
(531, 158, 117, '', 27.2, 0, 0, '1505826719', 0),
(532, 158, 133, '', 0.5, 0, 0, '1505826734', 0),
(533, 173, 0, '6', 49.7, 186.8, 8, '1505340000', 17),
(534, 173, 0, '7', 57.4, 216.8, 8, '1505426400', 17),
(535, 176, 0, '6', 46.4, 151.2, 7.5, '1505512800', 6),
(536, 155, 0, '9', 133.2, 240.6, 15, '1504821600', 21),
(537, 172, 0, '23', 312.2, 545.8, 15, '1505512800', 21),
(538, 150, 0, '8', 75.1, 176.6, 13.5, '1505512800', 13),
(539, 4, 0, '49', 301.6, 1485.5, 6, '1504303200', 3),
(540, 4, 0, '10', 53.1, 299.8, 5, '1504303200', 2),
(541, 4, 0, '54', 339.7, 1667.6, 6, '1504908000', 3),
(542, 4, 0, '8', 44.1, 251.5, 5, '1504908000', 2),
(543, 130, 0, '7', 63.7, 159.9, 13.5, '1503698400', 13),
(544, 130, 0, '6', 52.5, 137, 13.5, '1504303200', 13),
(545, 130, 0, '7', 68.1, 160.7, 13.5, '1504908000', 13),
(546, 130, 0, '3', 25.6, 67.8, 13.5, '1505512800', 13),
(547, 151, 0, '4', 46.5, 100.6, 13.5, '1505512800', 13),
(548, 164, 0, '4', 48.5, 127.7, 12, '1504648800', 9),
(549, 170, 0, '2', 20.1, 62.2, 9.5, '1504648800', 8),
(550, 170, 0, '7', 71.5, 213, 9.5, '1504908000', 8),
(551, 164, 0, '6', 75, 195, 12, '1504908000', 9),
(552, 164, 0, '7', 86.5, 228.4, 12, '1505253600', 9),
(553, 170, 0, '3', 31.2, 91.2, 9.5, '1505253600', 8),
(554, 170, 0, '6', 61.3, 181.7, 9.5, '1505512800', 8),
(555, 164, 0, '7', 84.1, 209.9, 12, '1505512800', 9),
(556, 147, 0, '9', 62.3, 234.1, 7.5, '1504303200', 6),
(557, 147, 0, '7', 46.6, 179.1, 7.5, '1504908000', 6),
(558, 147, 0, '9', 61.3, 231, 7.5, '1505512800', 6),
(559, 142, 0, '8', 62.3, 241.9, 8.5, '1504303200', 17),
(560, 142, 0, '9', 70.7, 273, 8.5, '1504735200', 17),
(561, 156, 0, '3', 23.5, 90.8, 8.5, '1504735200', 17),
(562, 156, 0, '4', 31.7, 123.5, 8.5, '1504908000', 17),
(563, 156, 0, '8', 63.6, 240.9, 8.5, '1505340000', 17),
(564, 156, 0, '4', 32.4, 120.7, 8.5, '1505512800', 17),
(565, 2, 0, '73', 418.1, 2123.4, 6.25, '1503957600', 3),
(566, 2, 0, '50', 290.3, 1438.7, 6.25, '1504735200', 3),
(567, 2, 0, '25', 147.2, 728.5, 6.25, '1505167200', 3),
(568, 2, 0, '57', 335, 1681.9, 6.25, '1505772000', 3),
(569, 148, 0, '10', 93.8, 300.5, 9, '1504216800', 7),
(570, 153, 0, '10', 102.2, 304, 9.5, '1504216800', 8),
(571, 167, 0, '11', 101.4, 335.2, 9, '1504216800', 7),
(572, 167, 0, '1', 5.6, 19.3, 9, '1504562400', 7),
(573, 153, 0, '3', 31.7, 99.5, 9.5, '1504562400', 8),
(574, 171, 0, '4', 37.7, 120.2, 9, '1504562400', 7),
(575, 148, 0, '1', 14.9, 40.9, 9, '1504562400', 7),
(576, 168, 0, '4', 33.8, 122, 7.5, '1504562400', 6),
(577, 171, 0, '6', 55.9, 176.4, 9, '1504562400', 7),
(578, 169, 0, '11', 100.2, 330.7, 9, '1504562400', 7),
(579, 171, 0, '11', 104.6, 331.8, 9, '1504821600', 7),
(580, 171, 0, '12', 111.6, 359.7, 9, '1505167200', 7),
(581, 169, 0, '12', 110.9, 359.8, 9, '1505772000', 7),
(582, 168, 0, '12', 105.5, 362.8, 7.5, '1505772000', 6),
(583, 141, 0, '16', 131.1, 454.4, 7.5, '1505426400', 6),
(584, 146, 0, '16', 139.9, 474.5, 9.5, '1505426400', 11),
(585, 146, 0, '20', 142.2, 490.9, 9.5, '1506031200', 11),
(586, 141, 0, '10', 70.6, 237.5, 7.5, '1506031200', 6),
(587, 193, 0, '11', 81.5, 266.6, 7.5, '1506031200', 6),
(588, 193, 141, '', 18.3, 0, 0, '1506066788', 0),
(589, 156, 0, '9', 71.1, 265.7, 8.5, '1505944800', 17),
(590, 4, 0, '47', 275.6, 1396.3, 6, '1505512800', 3),
(591, 4, 0, '6', 32.2, 183.4, 5, '1505512800', 2),
(592, 137, 0, '7', 62.6, 157.2, 13.5, '1503698400', 13),
(593, 137, 0, '6', 55.3, 136.2, 13.5, '1504303200', 13),
(594, 137, 0, '5', 45.7, 114, 13.5, '1504908000', 13),
(595, 131, 0, '8', 60.8, 222.8, 8.5, '1504303200', 10),
(596, 172, 0, '8', 101.5, 183, 15, '1506031200', 21),
(597, 144, 0, '10', 86.5, 302.3, 8.5, '1505512800', 17),
(598, 8, 0, '14', 84.1, 455, 5, '1504303200', 2),
(599, 8, 0, '2', 15.4, 77.4, 6, '1504303200', 3),
(600, 154, 0, '7', 50.6, 189.5, 7.5, '1505772000', 6),
(601, 158, 0, '11', 78.1, 288.4, 7.5, '1505772000', 6),
(602, 192, 0, '3', 21.7, 79.6, 7.5, '1505772000', 6),
(603, 143, 0, '8', 58.4, 249.2, 6.5, '1505772000', 5),
(604, 159, 0, '6', 44.9, 185.6, 6.5, '1505772000', 5),
(605, 18, 0, '13', 80.3, 393.5, 6, '1503957600', 3),
(606, 18, 0, '14', 83.6, 411.6, 6, '1505167200', 3),
(607, 149, 0, '8', 58.6, 213, 7.5, '1505772000', 6),
(608, 162, 0, '8', 52.3, 232.5, 6.5, '1505772000', 5),
(609, 166, 0, '7', 56.7, 212, 8.5, '1504908000', 10),
(610, 166, 0, '5', 39.3, 150.1, 8.5, '1505512800', 10),
(611, 150, 0, '5', 51.1, 119.5, 13.5, '1506117600', 13),
(612, 150, 0, '0', 10, 0, 0, '1506117600', 13),
(613, 175, 150, '1', 34, 0, 0, '1506376800', 0),
(614, 156, 0, '3', 24.1, 89.1, 8.5, '1506117600', 17),
(615, 64, 0, '1', 8.7, 35, 8.5, '1506117600', 17),
(616, 163, 0, '17', 125.8, 521.9, 8.5, '1505512800', 10),
(617, 163, 0, '13', 99.3, 407.4, 8.5, '1506031200', 10),
(618, 121, 0, '18', 80.8, 529.4, 4.75, '1504821600', 1),
(619, 137, 0, '8', 75.9, 177.4, 13.5, '1506117600', 13),
(620, 170, 0, '4', 41.1, 120.7, 9.5, '1505858400', 8),
(621, 170, 0, '5', 50.2, 149.5, 9.5, '1506117600', 8),
(622, 151, 0, '6', 59.6, 135, 13.5, '1506117600', 13),
(623, 147, 0, '3', 19.6, 75, 7.5, '1506117600', 6),
(624, 188, 0, '5', 35.7, 126.7, 7.5, '1506117600', 6),
(625, 166, 0, '8', 61.9, 241.5, 8.5, '1506117600', 10),
(626, 176, 0, '13', 98.1, 327, 7.5, '1506117600', 6),
(627, 189, 0, '6', 51.9, 187.7, 9, '1506117600', 17),
(628, 144, 0, '8', 66, 240.2, 8.5, '1506117600', 17),
(629, 190, 0, '3', 25.5, 89.8, 8.5, '1506117600', 17),
(630, 165, 0, '8', 71.1, 245.8, 9, '1505858400', 11),
(631, 54, 0, '2', 17.6, 58.7, 9.5, '1505772000', 15),
(632, 177, 0, '10', 76.8, 302.1, 9, '1505772000', 11),
(633, 109, 0, '10', 73.6, 280, 7.5, '1504044000', 6),
(634, 109, 0, '6', 43.6, 167.5, 7.5, '1504648800', 6),
(635, 109, 0, '7', 48.5, 200.5, 7.5, '1505858400', 6),
(636, 85, 0, '14', 88, 423.3, 7, '1504303200', 18),
(637, 85, 0, '15', 99.1, 438.1, 7, '1504303200', 19),
(638, 85, 0, '22', 132.1, 637.6, 7, '1504908000', 18),
(639, 85, 0, '20', 130.5, 581.3, 7, '1504908000', 19),
(640, 85, 0, '20', 122.5, 588.5, 7, '1505512800', 18),
(641, 85, 0, '21', 135.8, 597, 7, '1505512800', 19),
(642, 6, 0, '33', 186.4, 934.7, 6, '1505512800', 3),
(643, 16, 0, '22', 140.6, 657.6, 6.15, '1504735200', 3),
(644, 16, 0, '17', 120.2, 500.9, 7.15, '1504735200', 19),
(645, 16, 0, '14', 88.7, 420.4, 6.15, '1505167200', 3),
(646, 16, 0, '9', 54.2, 256, 7.15, '1505167200', 19),
(647, 16, 0, '20', 120.3, 591.1, 6.15, '1505772000', 3),
(648, 16, 0, '14', 97.6, 416, 7.15, '1505772000', 19),
(649, 160, 0, '23', 154.6, 683.8, 6.5, '1505685600', 5),
(650, 174, 0, '5', 38, 132.5, 7.5, '1504735200', 6),
(651, 174, 0, '14', 102.7, 371.8, 7.5, '1505340000', 6),
(652, 174, 0, '15', 105.5, 399, 7.5, '1506117600', 6),
(653, 173, 0, '14', 114.2, 431.8, 8, '1506031200', 17),
(654, 173, 0, '4', 28.9, 106.6, 8, '1506117600', 17),
(655, 183, 0, '6', 46.5, 170.8, 9, '1506636000', 11),
(656, 182, 0, '17', 130, 523.4, 8.5, '1506549600', 10),
(657, 156, 0, '3', 22.9, 88.3, 8.5, '1506549600', 17),
(658, 194, 0, '6', 45.8, 177.7, 8.5, '1506549600', 17),
(659, 177, 0, '11', 94.7, 333.2, 9, '1506549600', 11),
(660, 18, 0, '21', 127.3, 630.9, 6, '1506376800', 3),
(661, 162, 0, '6', 44.1, 193.2, 6.5, '1506376800', 5),
(662, 178, 0, '12', 84.9, 301.6, 7.5, '1506376800', 6),
(663, 191, 0, '6', 40.4, 171.8, 6.5, '1506376800', 5),
(664, 158, 0, '12', 88.3, 314.3, 7.5, '1506376800', 6),
(665, 192, 0, '12', 86.5, 315.9, 7.5, '1506376800', 6),
(666, 165, 0, '10', 90.1, 303.9, 9, '1506463200', 11),
(667, 165, 0, '5', 39.9, 138.6, 9, '1506031200', 11),
(668, 198, 0, '7', 56.2, 212.9, 8, '1506463200', 17),
(669, 159, 0, '10', 70.2, 299.2, 6.5, '1506376800', 5),
(670, 4, 0, '49', 286.4, 1439.6, 6, '1506117600', 3),
(671, 4, 0, '8', 40.6, 233.2, 5, '1506117600', 2),
(672, 6, 0, '32', 183.5, 917.7, 6, '1506117600', 3),
(673, 16, 0, '24', 142.7, 708.2, 6.15, '1506376800', 3),
(674, 16, 0, '14', 101.5, 433, 7.15, '1506376800', 19),
(675, 2, 0, '44', 253, 1271.2, 6.15, '1506376800', 3),
(676, 174, 0, '3', 21.3, 80.5, 7.5, '1506549600', 6),
(677, 202, 0, '7', 50.5, 185.8, 7.5, '1506549600', 6),
(678, 200, 0, '2', 21.9, 59, 12, '1506463200', 9),
(679, 170, 0, '3', 29.6, 90.5, 9.5, '1506463200', 8),
(680, 146, 0, '2', 13.4, 47, 9, '1506549600', 11),
(681, 193, 0, '16', 106.9, 387.3, 7.5, '1506549600', 6),
(682, 185, 0, '12', 83.4, 294, 9, '1506549600', 11),
(683, 185, 146, '', 12, 0, 0, '1506671038', 0),
(684, 85, 0, '21', 128.4, 630.8, 7, '1506117600', 18),
(685, 85, 0, '21', 143.6, 655.6, 7, '1506117600', 19),
(686, 85, 0, '5', 29.2, 151.3, 6.15, '1506117600', 3),
(687, 8, 0, '19', 106, 597.2, 5, '1506117600', 2),
(688, 160, 0, '12', 76.2, 347.3, 6.5, '1506549600', 5),
(689, 161, 0, '10', 62.1, 290.4, 6.5, '1506549600', 5),
(690, 195, 0, '1', 6.4, 30.2, 6.5, '1506636000', 5),
(691, 169, 0, '9', 89.4, 289.1, 9, '1506031200', 7),
(692, 168, 0, '11', 98.8, 331.1, 7.5, '1506031200', 6),
(693, 181, 0, '10', 90.5, 298.9, 9, '1506031200', 7),
(694, 168, 0, '5', 47.8, 160.1, 7.5, '1506376800', 6),
(695, 179, 0, '10', 103.8, 299.7, 9.5, '1506376800', 8),
(696, 181, 0, '14', 128.5, 419.4, 9, '1506376800', 7),
(697, 166, 0, '7', 53.9, 209, 8.5, '1506722400', 10),
(698, 180, 0, '2', 32.5, 88, 11, '1506031200', 22),
(699, 180, 0, '15', 164.5, 435, 11, '1506463200', 22),
(700, 176, 0, '10', 76.1, 251.9, 7.5, '1506722400', 6),
(701, 189, 0, '9', 73.7, 274.9, 9, '1506722400', 17),
(702, 198, 0, '4', 32.1, 121.8, 8, '1506722400', 17),
(703, 198, 0, '13', 106.2, 408.7, 8, '1506981600', 17),
(704, 198, 0, '4', 33.1, 127, 8, '1507068000', 17),
(705, 166, 0, '7', 51.7, 197.7, 8.5, '1507327200', 10),
(706, 176, 0, '9', 74.9, 239.7, 7.5, '1507327200', 6),
(707, 221, 0, '2', 16.6, 50.4, 7.5, '1507327200', 6);

-- --------------------------------------------------------

--
-- Table structure for table `threads`
--

CREATE TABLE `threads` (
  `id` int(50) NOT NULL,
  `threadno` int(50) NOT NULL,
  `date` varchar(50) NOT NULL,
  `kg` double NOT NULL,
  `price` varchar(50) CHARACTER SET utf8 COLLATE utf8_bin NOT NULL,
  `color` varchar(50) CHARACTER SET utf8 COLLATE utf8_bin NOT NULL,
  `count` int(20) NOT NULL,
  `yarn` int(10) NOT NULL,
  `yarnprintno` int(20) NOT NULL,
  `outsideyarn` int(10) NOT NULL
) ENGINE=InnoDB DEFAULT CHARSET=latin1;

--
-- Dumping data for table `threads`
--

INSERT INTO `threads` (`id`, `threadno`, `date`, `kg`, `price`, `color`, `count`, `yarn`, `yarnprintno`, `outsideyarn`) VALUES
(1, 0, '1496400879', 1, '', '33', 0, 10, 0, 0),
(2, 0, '1496400933', 1126, '', '33', 0, 10, 0, 0),
(3, 0, '1496401020', 1, '', '33', 0, 10, 0, 0),
(4, 0, '1496401066', 2532.4, '', '33', 0, 10, 0, 0),
(5, 0, '1496401117', 1, '', '33', 0, 10, 0, 0),
(6, 0, '1496401169', 894.4, '', '33', 0, 10, 0, 0),
(7, 0, '1496401294', 1, '', '33', 0, 10, 0, 0),
(8, 0, '1496401404', 1979.1, '', '33', 0, 10, 0, 0),
(9, 0, '1496401463', 1, '', '33', 0, 10, 0, 0),
(10, 0, '1496401524', 989.7, '', '33', 0, 10, 0, 0),
(11, 0, '1496401599', 1, '', '33', 0, 10, 0, 0),
(12, 0, '1496401663', 869.7, '', '33', 0, 10, 0, 0),
(13, 0, '1496401873', 1, '', '33', 0, 10, 0, 0),
(14, 0, '1496401943', 202.7, '', '33', 0, 10, 0, 0),
(15, 0, '1496401979', 1, '', '33', 0, 10, 0, 0),
(16, 0, '1496402075', 1219.8, '', '33', 0, 10, 0, 0),
(17, 0, '1496402191', 1, '', '33', 0, 10, 0, 0),
(18, 0, '1496402259', 456.1, '', '33', 0, 10, 0, 0),
(19, 0, '1496402697', 1, '', '33', 0, 10, 0, 0),
(20, 0, '1496403085', 55.1, '', '34', 0, 10, 0, 0),
(21, 0, '1496403113', 55.1, '', '35', 0, 10, 0, 0),
(22, 0, '1496403214', 90, '', '8', 0, 10, 0, 0),
(23, 0, '1496403255', 90, '', '9', 0, 10, 0, 0),
(24, 0, '1496403937', 30, '', '8', 0, 10, 0, 0),
(25, 0, '1496403952', 30, '', '9', 0, 10, 0, 0),
(26, 0, '1496404017', 54.7, '', '34', 0, 10, 0, 0),
(27, 0, '1496404074', 54.7, '', '35', 0, 10, 0, 0),
(28, 0, '1496404122', 60, '', '8', 0, 10, 0, 0),
(29, 0, '1496404172', 60, '', '6', 0, 10, 0, 0),
(30, 0, '1496404376', 185.6, '', '33', 0, 10, 0, 0),
(31, 0, '1496404415', 54.05, '', '36', 0, 10, 0, 0),
(32, 0, '1496404435', 54.05, '', '35', 0, 10, 0, 0),
(33, 0, '1496404685', 1, '', '33', 0, 10, 14, 0),
(34, 0, '1496404806', 180, '', '14', 0, 10, 14, 0),
(35, 0, '1496404828', 54, '', '27', 0, 10, 14, 0),
(36, 0, '1496404852', 27, '', '20', 0, 10, 14, 0),
(37, 0, '1496405026', 62, '', '27', 0, 10, 14, 0),
(38, 0, '1496405046', 31, '', '20', 0, 10, 14, 0),
(39, 0, '1496405071', 120, '', '14', 0, 10, 14, 0),
(40, 0, '1496405098', 38.8, '', '33', 0, 10, 14, 0),
(41, 0, '1496405641', 63.1, '', '30', 0, 10, 0, 0),
(42, 0, '1496405675', 31.6, '', '20', 0, 10, 0, 0),
(43, 0, '1496405715', 60, '', '14', 0, 10, 0, 0),
(44, 0, '1496405730', 13.2, '', '33', 0, 10, 0, 0),
(45, 0, '1496405861', 1, '', '33', 0, 10, 0, 0),
(46, 0, '1496406160', 120, '', '14', 0, 10, 0, 0),
(47, 0, '1496406175', 60, '', '13', 0, 10, 0, 0),
(48, 0, '1496406321', 53.7, '', '37', 0, 10, 0, 0),
(49, 0, '1496406347', 53.7, '', '38', 0, 10, 0, 0),
(50, 0, '1496406364', 27.1, '', '33', 0, 10, 0, 0),
(51, 0, '1496406722', 1, '', '33', 0, 10, 0, 0),
(52, 0, '1496406780', 90, '', '1', 0, 10, 0, 0),
(53, 0, '1496406797', 90, '', '8', 0, 10, 0, 0),
(54, 0, '1496406868', 53.35, '', '36', 0, 10, 0, 0),
(55, 0, '1496406895', 53.35, '', '35', 0, 10, 0, 0),
(56, 0, '1496406917', 47.9, '', '33', 0, 10, 0, 0),
(57, 0, '1496407406', 60, '', '1', 0, 10, 0, 0),
(58, 0, '1496407420', 60, '', '8', 0, 10, 0, 0),
(59, 0, '1496407596', 53.95, '', '36', 0, 10, 0, 0),
(60, 0, '1496407635', 53.95, '', '35', 0, 10, 0, 0),
(61, 0, '1496407889', 1, '', '33', 0, 10, 0, 0),
(62, 0, '1496407970', 180, '', '14', 0, 10, 0, 0),
(63, 0, '1496408035', 64, '', '27', 0, 10, 0, 0),
(64, 0, '1496408051', 32, '', '20', 0, 10, 0, 0),
(65, 0, '1496408332', 1, '', '33', 0, 10, 0, 0),
(66, 0, '1496408383', 378.9, '', '33', 0, 10, 0, 0),
(67, 0, '1496408572', 1, '', '33', 0, 10, 0, 0),
(68, 0, '1496408726', 53, '', '37', 0, 10, 0, 0),
(69, 0, '1496408816', 53, '', '39', 0, 10, 0, 0),
(70, 0, '1496408842', 60, '', '13', 0, 10, 0, 0),
(71, 0, '1496408855', 60, '', '14', 0, 10, 0, 0),
(72, 0, '1496408905', 87.2, '', '33', 0, 10, 0, 0),
(73, 0, '1496409362', 1, '', '33', 0, 10, 0, 0),
(74, 0, '1496409689', 43.7, '', '20', 0, 10, 13, 0),
(75, 0, '1496409713', 43.7, '', '25', 0, 10, 13, 0),
(76, 0, '1496409887', 1, '', '33', 0, 10, 0, 0),
(77, 0, '1496409978', 180, '', '14', 0, 10, 0, 0),
(78, 0, '1496410045', 54.8, '', '28', 0, 10, 0, 0),
(79, 0, '1496410121', 27.4, '', '20', 0, 10, 0, 0),
(80, 0, '1496410378', 58.4, '', '33', 0, 10, 0, 0),
(81, 0, '1496410398', 60, '', '14', 0, 10, 0, 0),
(82, 0, '1496410434', 53.5, '', '29', 0, 10, 0, 0),
(83, 0, '1496410457', 26.8, '', '20', 0, 10, 0, 0),
(84, 0, '1496411066', 63.4, '', '28', 0, 10, 0, 0),
(85, 0, '1496411086', 31.7, '', '20', 0, 10, 0, 0),
(86, 0, '1496411122', 120, '', '14', 0, 10, 0, 0),
(87, 0, '1496411346', 42.15, '', '23', 0, 10, 0, 0),
(88, 0, '1496411372', 42.15, '', '20', 0, 10, 0, 0),
(89, 0, '1496411403', 60, '', '13', 0, 10, 0, 0),
(90, 0, '1496411739', 1, '', '33', 0, 10, 0, 0),
(91, 0, '1496411813', 180, '', '14', 0, 10, 0, 0),
(92, 0, '1496411829', 62, '', '27', 0, 10, 0, 0),
(93, 0, '1496411852', 31, '', '20', 0, 10, 0, 0),
(94, 0, '1496412015', 63, '', '29', 0, 10, 0, 0),
(95, 0, '1496412039', 31.5, '', '20', 0, 10, 0, 0),
(96, 0, '1496412059', 120, '', '14', 0, 10, 0, 0),
(97, 0, '1496412509', 1, '', '33', 0, 10, 0, 0),
(98, 0, '1496412578', 37.7, '', '26', 0, 10, 0, 0),
(99, 0, '1496412683', 75.4, '', '40', 0, 10, 0, 0),
(100, 0, '1496412747', 137.9, '', '33', 0, 10, 0, 0),
(101, 0, '1496412890', 1, '', '33', 0, 10, 0, 0),
(102, 0, '1496412972', 180, '', '13', 0, 10, 0, 0),
(103, 0, '1496413001', 45.75, '', '20', 0, 10, 0, 0),
(104, 0, '1496413025', 45.75, '', '24', 0, 10, 0, 0),
(105, 0, '1496413571', 1, '', '33', 0, 10, 0, 0),
(106, 0, '1496413666', 240, '', '14', 0, 10, 0, 0),
(107, 0, '1496413685', 85.2, '', '27', 0, 10, 0, 0),
(108, 0, '1496413709', 42.6, '', '20', 0, 10, 0, 0),
(109, 0, '1496414137', 85.9, '', '28', 0, 10, 0, 0),
(110, 0, '1496414160', 43, '', '20', 0, 10, 0, 0),
(111, 0, '1496414181', 120, '', '14', 0, 10, 0, 0),
(112, 0, '1496458366', 43.55, '', '22', 0, 10, 12, 0),
(113, 0, '1496458385', 43.55, '', '20', 0, 10, 12, 0),
(114, 0, '1496458644', 1, '', '33', 0, 10, 6, 0),
(115, 0, '1496458718', 54.2, '', '35', 0, 10, 6, 0),
(116, 0, '1496458743', 54.2, '', '35', 0, 10, 6, 0),
(117, 0, '1496458781', 90, '', '1', 0, 10, 6, 0),
(118, 0, '1496458796', 90, '', '8', 0, 10, 6, 0),
(119, 0, '1496458926', 129.45, '', '33', 0, 10, 6, 0),
(120, 0, '1496458943', 16.8, '', '33', 0, 10, 6, 0),
(121, 0, '1496459172', 69.1, '', '30', 0, 10, 9, 0),
(122, 0, '1496459186', 34.5, '', '20', 0, 10, 9, 0),
(123, 0, '1496459278', 235.5, '', '14', 0, 10, 9, 0),
(124, 0, '1496459571', 68.7, '', '30', 0, 10, 9, 0),
(125, 0, '1496459595', 34.4, '', '20', 0, 10, 9, 0),
(126, 0, '1496459615', 180, '', '14', 0, 10, 9, 0),
(127, 0, '1496459664', 240, '', '14', 0, 10, 9, 0),
(128, 0, '1496459712', 73.7, '', '31', 0, 10, 9, 0),
(129, 0, '1496459727', 36.9, '', '20', 0, 10, 9, 0),
(130, 0, '1496459831', 1, '', '33', 0, 10, 11, 0),
(131, 0, '1496459972', 53.15, '', '37', 0, 10, 11, 0),
(132, 0, '1496459997', 53.15, '', '39', 0, 10, 11, 0),
(133, 0, '1496460015', 120, '', '13', 0, 10, 11, 0),
(134, 0, '1496460027', 120, '', '14', 0, 10, 11, 0),
(135, 0, '1496460059', 64.8, '', '33', 0, 10, 11, 0),
(136, 0, '1496460480', 434.9, '', '33', 0, 10, 15, 0),
(137, 0, '1496460618', 1, '', '33', 0, 10, 10, 0),
(138, 0, '1496460695', 60, '', '14', 0, 10, 10, 0),
(139, 0, '1496460719', 54.7, '', '31', 0, 10, 10, 0),
(140, 0, '1496460740', 27.3, '', '20', 0, 10, 10, 0),
(141, 0, '1496460775', 104.1, '', '33', 0, 10, 10, 0),
(142, 0, '1496460866', 60, '', '14', 0, 10, 10, 0),
(143, 0, '1496461634', 1, '', '33', 0, 10, 7, 0),
(144, 0, '1496461725', 90, '', '1', 0, 10, 7, 0),
(145, 0, '1496461741', 90, '', '8', 0, 10, 7, 0),
(146, 0, '1496461764', 53.95, '', '36', 0, 10, 7, 0),
(147, 0, '1496461785', 53.95, '', '35', 0, 10, 7, 0),
(148, 0, '1496461943', 54.85, '', '34', 0, 10, 7, 0),
(149, 0, '1496461959', 54.85, '', '35', 0, 10, 7, 0),
(150, 0, '1496461969', 90, '', '1', 0, 10, 7, 0),
(151, 0, '1496461982', 90, '', '8', 0, 10, 7, 0),
(152, 0, '1496462050', 101.2, '', '33', 0, 10, 7, 0),
(153, 0, '1496462101', 1, '', '33', 0, 10, 8, 0),
(154, 0, '1496462142', 54.6, '', '36', 0, 10, 8, 0),
(155, 0, '1496462155', 54.6, '', '35', 0, 10, 8, 0),
(156, 0, '1496462164', 90, '', '1', 0, 10, 8, 0),
(157, 0, '1496462179', 90, '', '8', 0, 10, 8, 0),
(158, 0, '1496464205', 54, '', '36', 0, 10, 8, 0),
(159, 0, '1496464219', 54, '', '35', 0, 10, 8, 0),
(160, 0, '1496464232', 90, '', '1', 0, 10, 8, 0),
(161, 0, '1496464250', 90, '', '8', 0, 10, 8, 0),
(162, 0, '1496464365', 53.95, '', '36', 0, 10, 8, 0),
(163, 0, '1496464391', 53.95, '', '35', 0, 10, 8, 0),
(164, 0, '1496464414', 30, '', '1', 0, 10, 8, 0),
(165, 0, '1496464429', 30, '', '8', 0, 10, 8, 0),
(166, 0, '1496464624', 1560, '', '33', 0, 10, 5, 0),
(167, 0, '1496465274', 180, '', '13', 0, 10, 12, 0),
(168, 0, '1496465391', 60, '', '8', 0, 10, 0, 0),
(169, 0, '1496465436', 60, '', '13', 0, 10, 13, 0),
(170, 0, '1496465704', 399.91, '0', '20', 0, 5, 1, 1),
(171, 0, '1496465704', 17.66, '0', '21', 0, 5, 1, 1),
(172, 0, '1496466232', 654.33, '0', '27', 0, 4, 2, 1),
(173, 0, '1496466232', 301.57, '0', '28', 0, 4, 2, 1),
(174, 0, '1496466232', 279.57, '0', '29', 0, 4, 2, 1),
(175, 0, '1496466232', 352.23, '0', '30', 0, 4, 2, 1),
(176, 0, '1496466232', 283.65, '0', '31', 0, 4, 2, 1),
(177, 0, '1496466232', 320.36, '0', '23', 0, 4, 2, 1),
(178, 0, '1496466232', 404.44, '0', '22', 0, 4, 2, 1),
(179, 0, '1496466232', 441.79, '0', '24', 0, 4, 2, 1),
(180, 0, '1496466232', 406.9, '0', '25', 0, 4, 2, 1),
(181, 0, '1496466232', 60.79, '0', '26', 0, 4, 2, 1),
(182, 0, '1496466232', 33.11, '0', '32', 0, 4, 2, 1),
(183, 0, '1496467657', 600, '0', '1', 0, 3, 3, 1),
(184, 0, '1496467657', 600, '0', '8', 0, 3, 3, 1),
(185, 0, '1496467657', 120, '0', '7', 0, 3, 3, 1),
(186, 0, '1496467657', 240, '0', '4', 0, 3, 3, 1),
(187, 0, '1496440800', 60, '0', '10', 0, 1, 4, 1),
(188, 0, '1496467931', 240, '0', '13', 0, 1, 4, 1),
(189, 0, '1496469330', 1, '', '33', 0, 10, 17, 0),
(190, 0, '1496469443', 180, '0', '13', 0, 1, 16, 1),
(191, 0, '1496469611', 37.9, '', '41', 0, 10, 17, 0),
(192, 0, '1496469655', 76, '', '39', 0, 10, 17, 0),
(193, 0, '1496469697', 52.3, '', '33', 0, 10, 17, 0),
(194, 0, '1496470213', 64.1, '', '33', 0, 10, 17, 0),
(195, 0, '1496470453', 32.1, '', '33', 0, 10, 17, 0),
(196, 0, '1496470550', 180, '', '33', 0, 10, 17, 0),
(197, 0, '1496440800', 900, '0', '14', 0, 12, 18, 1),
(198, 0, '1496483419', 180, '0', '7', 0, 3, 19, 1),
(199, 0, '1496492872', 60, '', '6', 0, 1, 20, 0),
(200, 0, '1496492971', 60, '', '5', 0, 2, 21, 0),
(201, 0, '1496493141', 60, '', '5', 0, 2, 22, 0),
(202, 0, '1496493457', 120, '', '2', 0, 1, 23, 0),
(203, 0, '1496493525', 60, '', '6', 0, 1, 23, 0),
(204, 0, '1496501653', 60, '0', '3', 0, 1, 24, 1),
(205, 0, '1496502008', 60, '0', '1', 0, 3, 25, 1),
(206, 0, '1496726364', 600, '0', '14', 0, 3, 26, 1),
(207, 0, '1496746725', 240, '0', '8', 0, 7, 27, 1),
(208, 0, '1496924540', 120, '', '2', 0, 2, 29, 0),
(209, 0, '1496924568', 120, '', '5', 0, 2, 29, 0),
(210, 0, '1496924602', 120, '', '6', 0, 1, 30, 0),
(211, 0, '1496925080', 60, '', '5', 0, 2, 28, 0),
(212, 0, '1496929476', 60, '', '2', 0, 2, 31, 0),
(213, 0, '1496929533', 60, '', '6', 0, 1, 32, 0),
(214, 0, '1497009451', 600, '0', '8', 0, 7, 33, 1),
(215, 0, '1497012212', 31.5, '', '13', 0, 10, 0, 0),
(216, 0, '1497090177', 600, '0', '1', 0, 3, 34, 1),
(217, 0, '1497090266', 180, '0', '7', 0, 3, 35, 1),
(218, 0, '1497090266', 120, '0', '4', 0, 3, 35, 1),
(219, 0, '1497091755', 44, '', '33', 0, 10, 39, 0),
(220, 0, '1497091882', 43.8, '', '33', 0, 10, 39, 0),
(221, 0, '1497091905', 43.8, '', '33', 0, 10, 39, 0),
(222, 0, '1497092041', 120, '', '33', 0, 10, 39, 0),
(223, 0, '1497097079', 300, '0', '6', 0, 1, 36, 1),
(224, 0, '1497097079', 180, '0', '3', 0, 1, 36, 1),
(225, 0, '1497097079', 120, '0', '2', 0, 1, 36, 1),
(226, 0, '1497097650', 60, '', '5', 0, 2, 37, 0),
(227, 0, '1497098036', 60, '', '5', 0, 2, 38, 0),
(228, 0, '1497269139', 1003.9, '0', '20', 0, 5, 40, 1),
(229, 0, '1497269277', 120, '0', '9', 0, 1, 41, 1),
(230, 0, '1497277603', 35.2, '', '42', 0, 11, 0, 0),
(231, 0, '1497277637', 70.4, '', '36', 0, 11, 0, 0),
(232, 0, '1497277952', 35.3, '', '42', 0, 11, 0, 0),
(233, 0, '1497278130', 70.7, '', '43', 0, 11, 0, 0),
(234, 0, '1497354496', 600, '0', '14', 0, 12, 42, 1),
(235, 0, '1497693939', 420, '0', '1', 0, 3, 43, 1),
(236, 0, '1497693939', 180, '0', '7', 0, 3, 43, 1),
(237, 0, '1497693939', 300, '0', '4', 0, 3, 43, 1),
(238, 0, '1497650400', 300, '0', '8', 0, 3, 43, 1),
(239, 0, '1497699727', 120, '0', '13', 0, 9, 44, 1),
(240, 0, '1497650400', 60, '0', '5', 0, 2, 45, 0),
(241, 0, '1497870966', 461.65, '0', '20', 0, 6, 46, 1),
(242, 0, '1497870966', 960, '0', '20', 0, 6, 46, 1),
(243, 0, '1497872821', 120, '', '5', 0, 2, 47, 0),
(244, 0, '1497964300', 900, '0', '14', 0, 12, 48, 1),
(245, 0, '1498283807', 1000.54, '0', '20', 0, 5, 49, 1),
(246, 0, '1498255200', 300, '0', '8', 0, 7, 50, 1),
(247, 0, '1498286153', 133.5, '0', '27', 0, 13, 51, 1),
(248, 0, '1498292583', 180, '0', '1', 0, 3, 52, 1),
(249, 0, '1498292583', 180, '0', '7', 0, 3, 52, 1),
(250, 0, '1498307940', 60, '', '6', 0, 2, 53, 0),
(251, 0, '1498308578', 60, '', '6', 0, 2, 54, 0),
(252, 0, '1498308717', 60, '', '6', 0, 2, 55, 0),
(253, 0, '1498310454', 60, '', '6', 0, 2, 56, 0),
(254, 0, '1498310611', 60, '', '7', 0, 2, 56, 0),
(255, 0, '1498310726', 60, '', '4', 0, 2, 56, 0),
(256, 0, '1498822495', 15.5, '', '6', 0, 10, 0, 0),
(257, 0, '1498823524', 93.8, '', '1', 0, 2, 57, 0),
(258, 0, '1498823546', 120, '', '2', 0, 2, 57, 0),
(259, 0, '1498829586', 27.5, '', '1', 0, 10, 0, 0),
(260, 0, '1498905123', 600, '0', '14', 0, 12, 58, 1),
(261, 0, '1498600800', 493.37, '0', '20', 0, 6, 59, 1),
(262, 0, '1499934011', 52.65, '', '37', 0, 11, 0, 0),
(263, 0, '1499934048', 52.65, '', '39', 0, 11, 0, 0),
(264, 0, '1499934292', 74.97, '0', '27', 0, 13, 60, 1),
(265, 0, '1499940436', 600, '0', '14', 0, 12, 61, 1),
(266, 0, '1500020578', 600, '0', '14', 0, 12, 62, 1),
(267, 0, '1500105402', 120, '', '7', 0, 8, 63, 0),
(268, 0, '1500105472', 60, '', '1', 0, 2, 64, 0),
(269, 0, '1500105492', 60, '', '6', 0, 2, 64, 0),
(270, 0, '1500105653', 60, '', '7', 0, 8, 65, 0),
(271, 0, '1500105709', 60, '', '6', 0, 2, 66, 0),
(272, 0, '1500105749', 120, '', '5', 0, 2, 66, 0),
(273, 0, '1500105904', 60, '', '1', 0, 2, 67, 0),
(274, 0, '1500105956', 60, '', '6', 0, 2, 67, 0),
(275, 0, '1500105985', 60, '', '8', 0, 2, 67, 0),
(276, 0, '1500120185', 600, '0', '14', 0, 12, 68, 1),
(277, 0, '1500638727', 600, '0', '14', 0, 12, 69, 1),
(278, 0, '1500643741', 120, '', '4', 0, 8, 70, 0),
(279, 0, '1500643767', 60, '', '7', 0, 8, 70, 0),
(280, 0, '1500643789', 60, '', '9', 0, 8, 70, 0),
(281, 0, '1500643814', 120, '', '1', 0, 8, 70, 0),
(282, 0, '1500720896', 420, '0', '1', 0, 3, 71, 1),
(283, 0, '1500720896', 420, '0', '8', 0, 3, 71, 1),
(284, 0, '1500720896', 60, '0', '4', 0, 3, 71, 1),
(285, 0, '1500721218', 120, '', '2', 0, 8, 72, 0),
(286, 0, '1500721970', 60, '', '4', 0, 8, 73, 0),
(287, 0, '1500722001', 60, '', '7', 0, 8, 73, 0),
(288, 0, '1500722019', 60, '', '9', 0, 8, 73, 0),
(289, 0, '1500722181', 120, '', '4', 0, 8, 74, 0),
(290, 0, '1500722210', 60, '', '9', 0, 8, 74, 0),
(291, 0, '1500722223', 60, '', '7', 0, 8, 74, 0),
(292, 0, '1500722291', 60, '', '7', 0, 8, 75, 0),
(293, 0, '1500722348', 60, '', '5', 0, 8, 75, 0),
(294, 0, '1500889010', 6, '', '33', 0, 10, 0, 0),
(295, 0, '1500894265', 35.4, '', '44', 0, 10, 0, 0),
(296, 0, '1500894297', 17.7, '', '48', 0, 10, 0, 0),
(297, 0, '1500894329', 17.7, '', '45', 0, 10, 0, 0),
(298, 0, '1500894364', 17.7, '', '49', 0, 10, 0, 0),
(299, 0, '1500894406', 17.7, '', '50', 0, 10, 0, 0),
(300, 0, '1500894520', 35, '', '44', 0, 10, 0, 0),
(301, 0, '1500894554', 17.5, '', '45', 0, 10, 0, 0),
(302, 0, '1500894586', 17.5, '', '46', 0, 10, 0, 0),
(303, 0, '1500894616', 17.5, '', '47', 0, 10, 0, 0),
(304, 0, '1500894645', 17.5, '', '48', 0, 10, 0, 0),
(305, 0, '1500899621', 60, '', '4', 0, 8, 76, 0),
(306, 0, '1500899933', 180, '', '5', 0, 8, 77, 0),
(307, 0, '1500899974', 120, '', '2', 0, 8, 77, 0),
(308, 0, '1500900012', 60, '', '4', 0, 8, 77, 0),
(309, 0, '1500900170', 180, '', '5', 0, 8, 78, 0),
(310, 0, '1500900191', 120, '', '2', 0, 8, 78, 0),
(311, 0, '1500902493', 21.19, '', '30', 0, 13, 79, 0),
(312, 0, '1500903206', 29.53, '', '30', 0, 13, 80, 0),
(313, 0, '1500903406', 31.67, '', '27', 0, 13, 81, 0),
(314, 0, '1500903791', 61.7, '', '27', 0, 13, 82, 0),
(315, 0, '1500905000', 31.11, '', '28', 0, 13, 83, 0),
(316, 0, '1500905231', 62.1, '', '28', 0, 13, 84, 0),
(317, 0, '1500964091', 360, '0', '13', 0, 9, 85, 1),
(318, 0, '1500933600', 0, '0', '2', 0, 8, 0, 0),
(319, 0, '1500980655', 120, '', '3', 0, 8, 86, 0),
(320, 0, '1500980807', 60, '', '4', 0, 8, 86, 0),
(321, 0, '1500985838', 60, '0', '13', 0, 9, 87, 1),
(322, 0, '1500989452', 600, '0', '14', 0, 12, 88, 1),
(323, 0, '1501070878', 600, '0', '8', 0, 3, 89, 1),
(324, 0, '1501070878', 360, '0', '14', 0, 3, 89, 1),
(325, 0, '1501163366', 170, '0', '6', 0, 10, 90, 1),
(326, 0, '1501235006', 60, '', '1', 0, 8, 91, 0),
(327, 0, '1501235033', 60, '', '4', 0, 8, 91, 0),
(328, 0, '1501236706', 60, '', '2', 0, 8, 92, 0),
(329, 0, '1501320694', 300, '0', '1', 0, 3, 93, 1),
(330, 0, '1501320694', 300, '0', '7', 0, 3, 93, 1),
(331, 0, '1501320694', 300, '0', '14', 0, 3, 93, 1),
(332, 0, '1501322939', 62.2, '', '27', 0, 13, 94, 0),
(333, 0, '1501323221', 70, '', '6', 0, 2, 103, 0),
(334, 0, '1501323312', 50, '0', '6', 0, 2, 95, 1),
(335, 0, '1501330183', 27.8, '0', '8', 0, 10, 96, 1),
(336, 0, '1501336050', 120, '', '2', 0, 8, 97, 0),
(337, 0, '1501336377', 60, '', '6', 0, 2, 98, 0),
(338, 0, '1501336544', 60, '', '10', 0, 8, 99, 0),
(339, 0, '1501337247', 60, '', '6', 0, 2, 100, 0),
(340, 0, '1501337456', 120, '', '4', 0, 8, 101, 0),
(341, 0, '1501279200', 60, '0', '2', 0, 8, 102, 0),
(342, 0, '1501501011', 52.7, '', '27', 0, 13, 104, 0),
(343, 0, '1501501761', 60, '', '2', 0, 8, 105, 0),
(344, 0, '1501506007', 120, '', '7', 0, 2, 106, 0),
(345, 0, '1501506581', 52.7, '', '27', 0, 13, 107, 0),
(346, 0, '1501661977', 600, '0', '14', 0, 3, 108, 1),
(347, 0, '1501662241', 300, '0', '8', 0, 7, 109, 1),
(348, 0, '1501672466', 60, '', '1', 0, 8, 110, 0),
(349, 0, '1501675062', 60, '', '1', 0, 8, 111, 0),
(350, 0, '1501840836', 502.23, '0', '27', 0, 4, 112, 1),
(351, 0, '1501846730', 60, '', '2', 0, 8, 113, 0),
(352, 0, '1501848392', 52.4, '', '39', 0, 11, 0, 0),
(353, 0, '1501848444', 52.4, '', '37', 0, 11, 0, 0),
(354, 0, '1501848699', 52.55, '', '38', 0, 11, 0, 0),
(355, 0, '1501848735', 52.55, '', '37', 0, 11, 0, 0),
(356, 0, '1501917245', 300, '0', '14', 0, 12, 114, 1),
(357, 0, '1501917305', 600, '0', '13', 0, 9, 115, 1),
(358, 0, '1501930138', 600, '0', '1', 0, 3, 116, 1),
(359, 0, '1501930138', 300, '0', '4', 0, 3, 116, 1),
(360, 0, '1501930138', 300, '0', '7', 0, 3, 116, 1),
(361, 0, '1501937218', 60, '', '2', 0, 8, 117, 0),
(362, 0, '1501942571', 46.6, '', '33', 0, 10, 0, 0),
(363, 0, '1501942980', 60, '', '33', 0, 10, 0, 0),
(364, 0, '1502099231', 532.33, '0', '28', 0, 4, 118, 1),
(365, 0, '1502099231', 532.83, '0', '30', 0, 4, 118, 1),
(366, 0, '1502099603', 51.95, '', '35', 0, 11, 0, 0),
(367, 0, '1502099670', 51.95, '', '36', 0, 11, 0, 0),
(368, 0, '1502100401', 52.05, '', '35', 0, 11, 0, 0),
(369, 0, '1502100437', 52.05, '', '36', 0, 11, 0, 0),
(370, 0, '1502100692', 52, '', '35', 0, 11, 0, 0),
(371, 0, '1502100734', 52, '', '36', 0, 11, 0, 0),
(372, 0, '1502101511', 10, '', '33', 0, 10, 0, 0),
(373, 0, '1502437208', 300, '0', '8', 0, 3, 119, 1),
(374, 0, '1502437208', 300, '0', '14', 0, 3, 119, 1),
(375, 0, '1502541300', 120, '', '6', 0, 1, 120, 0),
(376, 0, '1502541506', 60, '', '6', 0, 1, 121, 0),
(377, 0, '1502541615', 60, '', '10', 0, 2, 122, 0),
(378, 0, '1502709842', 300, '0', '13', 0, 14, 123, 1),
(379, 0, '1502870375', 300, '0', '14', 0, 12, 124, 1),
(380, 0, '1502947847', 541.46, '0', '27', 0, 15, 125, 1),
(381, 0, '1502947847', 322.94, '0', '30', 0, 15, 125, 1),
(382, 0, '1502955126', 600, '0', '8', 0, 7, 126, 1),
(383, 0, '1503062485', 120, '', '1', 0, 8, 127, 0),
(384, 0, '1503128124', 360, '0', '14', 0, 3, 128, 1),
(385, 0, '1503128124', 120, '0', '7', 0, 3, 128, 1),
(386, 0, '1503128124', 180, '0', '4', 0, 3, 128, 1),
(387, 0, '1503128124', 300, '0', '1', 0, 3, 128, 1),
(388, 0, '1503136515', 420, '0', '6', 0, 1, 129, 1),
(389, 0, '1503144388', 60, '', '5', 0, 8, 130, 0),
(390, 0, '1503145571', 120, '', '5', 0, 2, 131, 0),
(391, 0, '1503145597', 120, '', '10', 0, 2, 131, 0),
(392, 0, '1503312155', 120, '', '5', 0, 8, 132, 0),
(393, 0, '1503312176', 180, '', '1', 0, 8, 132, 0),
(394, 0, '1503312195', 120, '', '2', 0, 8, 132, 0),
(395, 0, '1503312257', 120, '', '7', 0, 2, 133, 0),
(396, 0, '1503312398', 120, '', '1', 0, 8, 134, 0),
(397, 0, '1503312416', 120, '', '2', 0, 8, 134, 0),
(398, 0, '1503312434', 120, '', '5', 0, 8, 134, 0),
(399, 0, '1503312513', 120, '', '7', 0, 2, 135, 0),
(400, 0, '1503315130', 300, '0', '13', 0, 12, 136, 1),
(401, 0, '1503382914', 300, '0', '14', 0, 12, 137, 1),
(402, 0, '1503397281', 66.05, '', '38', 0, 11, 0, 0),
(403, 0, '1503397377', 66.05, '', '37', 0, 11, 0, 0),
(404, 0, '1503570881', 52.75, '', '38', 0, 11, 0, 0),
(405, 0, '1503570915', 52.75, '', '37', 0, 11, 0, 0),
(406, 0, '1503571071', 52.65, '', '38', 0, 11, 0, 0),
(407, 0, '1503571098', 52.65, '', '37', 0, 11, 0, 0),
(408, 0, '1503571348', 50.8, '', '35', 0, 11, 0, 0),
(409, 0, '1503571379', 50.8, '', '36', 0, 11, 0, 0),
(410, 0, '1503571552', 50.75, '', '35', 0, 11, 0, 0),
(411, 0, '1503571578', 50.75, '', '36', 0, 11, 0, 0),
(412, 0, '1503571639', 90, '', '1', 0, 8, 138, 0),
(413, 0, '1503571716', 30, '', '1', 0, 8, 138, 0),
(414, 0, '1503574440', 300, '0', '7', 0, 3, 139, 1),
(415, 0, '1503574440', 600, '0', '14', 0, 3, 139, 1),
(416, 0, '1503640667', 600, '0', '8', 0, 7, 140, 1),
(417, 0, '1503644269', 300, '0', '1', 0, 3, 141, 1),
(418, 0, '1503743001', 300, '0', '6', 0, 1, 142, 1),
(419, 0, '1503749758', 120, '', '2', 0, 8, 143, 0),
(420, 0, '1503749952', 60, '', '3', 0, 2, 144, 0),
(421, 0, '1504069953', 300, '0', '14', 0, 3, 145, 1),
(422, 0, '1504079488', 300, '0', '2', 0, 1, 146, 1),
(423, 0, '1504087549', 60, '0', '7', 0, 2, 147, 1),
(424, 0, '1504087670', 300, '0', '13', 0, 14, 148, 1),
(425, 0, '1504090177', 110, '', '33', 0, 10, 0, 0),
(426, 0, '1504255176', 300, '0', '7', 0, 3, 149, 1),
(427, 0, '1504255176', 300, '0', '4', 0, 3, 149, 1),
(428, 0, '1504255176', 300, '0', '1', 0, 3, 149, 1),
(429, 0, '1504255176', 300, '0', '8', 0, 3, 149, 1),
(430, 0, '1504332781', 487.5, '0', '21', 0, 6, 150, 1),
(431, 0, '1504608726', 300, '0', '13', 0, 12, 151, 1),
(432, 0, '1504608726', 300, '0', '14', 0, 12, 151, 1),
(433, 0, '1504612502', 300, '0', '14', 0, 3, 152, 1),
(434, 0, '1504612502', 300, '0', '1', 0, 3, 152, 1),
(435, 0, '1504615748', 300, '0', '14', 0, 3, 153, 1),
(436, 0, '1504698425', 51.65, '', '35', 0, 11, 0, 0),
(437, 0, '1504698536', 51.65, '', '36', 0, 11, 0, 0),
(438, 0, '1504770871', 600, '0', '14', 0, 3, 154, 1),
(439, 0, '1504942359', 33.6, '', '44', 0, 16, 0, 0),
(440, 0, '1504942387', 40.5, '', '45', 0, 16, 0, 0),
(441, 0, '1504942414', 26.9, '', '46', 0, 16, 0, 0),
(442, 0, '1504942520', 34.8, '', '44', 0, 16, 0, 0),
(443, 0, '1504942545', 41.9, '', '47', 0, 16, 0, 0),
(444, 0, '1504942568', 27.8, '', '46', 0, 16, 0, 0),
(445, 0, '1504945834', 120, '0', '14', 0, 10, 155, 1),
(446, 0, '1504954336', 600, '0', '14', 0, 3, 156, 1),
(447, 0, '1504954553', 300, '0', '3', 0, 17, 157, 1),
(448, 0, '1504954553', 300, '0', '6', 0, 17, 157, 1),
(449, 0, '1504954553', 300, '0', '2', 0, 17, 157, 1),
(450, 0, '1504954553', 300, '0', '5', 0, 17, 157, 1),
(451, 0, '1505216844', 300, '0', '13', 0, 12, 158, 1),
(452, 0, '1505216877', 300, '0', '1', 0, 17, 159, 1),
(453, 0, '1505216877', 300, '0', '8', 0, 17, 159, 1),
(454, 0, '1505461174', 360, '0', '14', 0, 3, 160, 1),
(455, 0, '1505461266', 480.96, '0', '28', 0, 4, 161, 1),
(456, 0, '1505543268', 300, '0', '13', 0, 14, 162, 1),
(457, 0, '1505554613', 300, '0', '14', 0, 3, 163, 1),
(458, 0, '1505554613', 660, '0', '8', 0, 3, 163, 1),
(459, 0, '1505554613', 240, '0', '1', 0, 3, 163, 1),
(460, 0, '1505563180', 120, '', '7', 0, 8, 164, 0),
(461, 0, '1505565022', 60, '', '7', 0, 8, 165, 0),
(462, 0, '1505565275', 60, '', '7', 0, 8, 166, 0),
(463, 0, '1505722781', 30, '0', '14', 0, 10, 167, 1),
(464, 0, '1505798584', 180, '', '13', 0, 1, 168, 0),
(465, 0, '1505826235', 300, '0', '13', 0, 12, 169, 1),
(466, 0, '1505826235', 300, '0', '14', 0, 12, 169, 1),
(467, 0, '1505907379', 66.4, '', '37', 0, 11, 0, 0),
(468, 0, '1505907404', 66.4, '', '39', 0, 11, 0, 0),
(469, 0, '1505907893', 53, '', '37', 0, 11, 0, 0),
(470, 0, '1505907921', 53, '', '39', 0, 11, 0, 0),
(471, 0, '1505908049', 51.65, '', '35', 0, 11, 0, 0),
(472, 0, '1505908072', 51.65, '', '36', 0, 11, 0, 0),
(473, 0, '1505908180', 51.8, '', '35', 0, 11, 0, 0),
(474, 0, '1505908198', 51.8, '', '36', 0, 11, 0, 0),
(475, 0, '1505908344', 51.75, '', '42', 0, 11, 0, 0),
(476, 0, '1505908373', 51.75, '', '36', 0, 11, 0, 0),
(477, 0, '1506079202', 300, '0', '7', 0, 17, 170, 1),
(478, 0, '1506079202', 300, '0', '1', 0, 17, 170, 1),
(479, 0, '1506079202', 300, '0', '5', 0, 17, 170, 1),
(480, 0, '1506079202', 300, '0', '10', 0, 17, 170, 1),
(481, 0, '1506079202', 300, '0', '4', 0, 17, 170, 1),
(482, 0, '1506079202', 300, '0', '3', 0, 17, 170, 1),
(483, 0, '1506161761', 600, '0', '14', 0, 3, 171, 1),
(484, 0, '1506167819', 300, '0', '7', 0, 18, 172, 1),
(485, 0, '1506421569', 600, '0', '14', 0, 3, 173, 1),
(486, 0, '1506421602', 300, '0', '14', 0, 3, 174, 1),
(487, 0, '1506426177', 120, '', '1', 0, 8, 175, 0),
(488, 0, '1506430811', 300, '0', '13', 0, 14, 176, 1),
(489, 0, '1506508504', 300, '0', '8', 0, 7, 177, 1),
(490, 0, '1506508504', 300, '0', '4', 0, 7, 177, 1),
(491, 0, '1506509230', 554.58, '0', '27', 0, 15, 178, 1),
(492, 0, '1506516621', 600, '0', '1', 0, 17, 179, 1),
(493, 0, '1506516621', 480, '0', '6', 0, 17, 179, 1),
(494, 0, '1506516621', 300, '0', '7', 0, 17, 179, 1),
(495, 0, '1506516621', 300, '0', '5', 0, 17, 179, 1),
(496, 0, '1506516621', 300, '0', '2', 0, 17, 179, 1),
(497, 0, '1506584125', 120, '0', '14', 0, 1, 180, 1),
(498, 0, '1506758583', 300, '0', '8', 0, 3, 181, 1),
(499, 0, '1506758583', 600, '0', '14', 0, 3, 181, 1),
(500, 0, '1506769171', 600, '0', '13', 0, 14, 182, 1),
(501, 0, '1507286509', 120, '0', '14', 0, 18, 183, 1),
(502, 0, '1507288286', 63.55, '', '36', 0, 11, 0, 0),
(503, 0, '1507288312', 63.55, '', '35', 0, 11, 0, 0),
(504, 0, '1507288455', 51.45, '', '36', 0, 11, 0, 0),
(505, 0, '1507288477', 51.45, '', '35', 0, 11, 0, 0),
(506, 0, '1507288854', 51.1, '', '35', 0, 11, 0, 0),
(507, 0, '1507288875', 51.1, '', '36', 0, 11, 0, 0),
(508, 0, '1507289415', 52.95, '', '37', 0, 11, 0, 0),
(509, 0, '1507289442', 52.95, '', '38', 0, 11, 0, 0),
(510, 0, '1507294258', 600, '0', '1', 0, 17, 184, 1),
(511, 0, '1507294258', 180, '0', '7', 0, 17, 184, 1),
(512, 0, '1507294258', 600, '0', '8', 0, 17, 184, 1),
(513, 0, '1507294258', 120, '0', '6', 0, 17, 184, 1),
(514, 0, '1507363109', 600, '0', '14', 0, 3, 185, 1),
(515, 0, '1507363109', 300, '0', '8', 0, 3, 185, 1),
(516, 0, '1507369473', 62.9, '', '35', 0, 11, 0, 0),
(517, 0, '1507369499', 62.9, '', '36', 0, 11, 0, 0),
(518, 0, '1507369699', 66.3, '', '36', 0, 11, 0, 0),
(519, 0, '1507369742', 66.3, '', '37', 0, 11, 0, 0),
(520, 0, '1507369899', 52.75, '', '37', 0, 11, 0, 0),
(521, 0, '1507369937', 52.75, '', '39', 0, 11, 0, 0),
(522, 0, '1507370689', 50.7, '', '36', 0, 11, 0, 0),
(523, 0, '1507370728', 50.7, '', '35', 0, 11, 0, 0),
(524, 0, '1507370917', 51.45, '', '35', 0, 11, 0, 0),
(525, 0, '1507370952', 51.45, '', '36', 0, 11, 0, 0),
(526, 0, '1507377906', 60, '', '1', 0, 8, 186, 0),
(527, 0, '1507378119', 120, '0', '1', 0, 8, 187, 1),
(528, 0, '1507381524', 60, '', '1', 0, 8, 188, 0),
(529, 0, '1507382185', 60, '', '1', 0, 8, 189, 0),
(530, 0, '1507382423', 60, '', '6', 0, 8, 189, 0),
(531, 0, '1507382439', 120, '', '3', 0, 8, 189, 0),
(532, 0, '1507613519', 572.69, '0', '27', 0, 4, 190, 1),
(533, 0, '1507616673', 240, '0', '14', 0, 18, 191, 1),
(534, 0, '1507722828', 180, '', '1', 0, 8, 192, 0),
(535, 0, '1507798246', 300, '0', '13', 0, 12, 193, 1),
(536, 0, '1507969778', 600, '0', '14', 0, 18, 194, 1),
(537, 0, '1507969778', 300, '0', '7', 0, 18, 194, 1),
(538, 0, '1507969933', 120, '0', '1', 0, 3, 195, 1),
(539, 0, '1507969933', 180, '0', '7', 0, 3, 195, 1),
(540, 0, '1507969933', 300, '0', '8', 0, 3, 195, 1),
(541, 0, '1507969933', 420, '0', '14', 0, 3, 195, 1),
(542, 0, '1507975454', 480, '0', '1', 0, 3, 196, 1),
(543, 0, '1507975454', 300, '0', '8', 0, 3, 196, 1),
(544, 0, '1512829601', 100, '0', '3', 0, 2, 197, 1),
(545, 0, '1512906543', 120, '', '4', 0, 2, 198, 1),
(546, 0, '1512906543', 75, '', '1', 0, 2, 198, 1),
(547, 0, '1512906930', 120, '', '2', 0, 3, 199, 1),
(548, 0, '1512906930', 100, '', '5', 0, 3, 199, 1),
(549, 0, '1512914079', 120, '', '3', 0, 4, 200, 1),
(550, 0, '1512914079', 1002, '', '4', 0, 4, 200, 1),
(551, 0, '1512860400', 50, '0', '1', 0, 3, 201, 1),
(552, 0, '1512914217', 120, '', '2', 0, 3, 201, 1),
(553, 0, '1512914458', 100, '', '2', 0, 5, 202, 1),
(554, 0, '1512914458', 200, '', '5', 0, 5, 202, 1),
(555, 0, '1512860400', 50, '0', '3', 0, 4, 203, 1),
(556, 0, '1512914822', 150, '', '7', 0, 4, 203, 1),
(557, 0, '1512860400', 50, '0', '1', 0, 5, 204, 1),
(558, 0, '1512917066', 120, '', '4', 0, 5, 204, 1),
(559, 0, '1512918218', 180, '', '1', 0, 2, 205, 1),
(560, 0, '1512918218', 120, '', '2', 0, 2, 205, 1),
(561, 0, '1512918218', 60, '', '6', 0, 2, 205, 1),
(562, 0, '1512921424', 180, '', '27', 0, 2, 206, 1),
(563, 0, '1512921424', 120, '', '28', 0, 2, 206, 1),
(564, 0, '1512921424', 60, '', '30', 0, 2, 206, 1),
(565, 0, '1512924371', 1000, '', '20', 0, 5, 207, 1),
(566, 0, '1512925388', 120, '', '13', 0, 4, 208, 1),
(567, 0, '1520175942', -100, '', '45', 0, 0, 0, 0),
(568, 0, '1520176323', -250, '', '45', 0, 0, 0, 0),
(570, 0, '1520232694', -170, '', '46', 0, 0, 0, 0),
(572, 0, '1520232738', -120, '', '46', 0, 0, 0, 0),
(573, 0, '1520232890', -125, '', '48', 0, 0, 0, 0),
(574, 0, '1520393099', 533.5, '', '14', 0, 2, 0, 0),
(575, 0, '1520393152', 300, '', '11', 0, 3, 0, 0),
(576, 0, '1520393230', -120, '', '34', 0, 0, 0, 0),
(577, 0, '1520394663', -120, '', '48', 0, 0, 0, 0);

-- --------------------------------------------------------

--
-- Table structure for table `transactions`
--

CREATE TABLE `transactions` (
  `id` int(11) NOT NULL,
  `userid` int(11) NOT NULL,
  `paavudetailid` int(11) NOT NULL,
  `paavuid` int(20) NOT NULL,
  `amount` double NOT NULL,
  `paavu_amount` double NOT NULL,
  `type` varchar(50) NOT NULL,
  `voucherid` int(50) NOT NULL,
  `date` varchar(50) NOT NULL
) ENGINE=InnoDB DEFAULT CHARSET=latin1;

--
-- Dumping data for table `transactions`
--

INSERT INTO `transactions` (`id`, `userid`, `paavudetailid`, `paavuid`, `amount`, `paavu_amount`, `type`, `voucherid`, `date`) VALUES
(1, 1, 0, 1, 0, -7089, '', 0, '1496400898'),
(2, 2, 0, 3, 0, -75195, '', 0, '1496401036'),
(3, 3, 0, 5, 0, -7354, '', 0, '1496401129'),
(4, 4, 0, 7, 0, -16425, '', 0, '1496401329'),
(5, 5, 0, 9, 0, -4776, '', 0, '1496401488'),
(6, 7, 0, 11, 0, -5362, '', 0, '1496401616'),
(7, 8, 0, 13, 0, -1151, '', 0, '1496401914'),
(8, 9, 0, 15, 0, -4444, '', 0, '1496402024'),
(9, 10, 0, 17, 0, -6307, '', 0, '1496402228'),
(10, 10, 1, 0, 0, 1259.4, '', 0, '1496402316'),
(11, 11, 0, 19, 0, -9337, '', 0, '1496402749'),
(12, 11, 2, 0, 0, 541.8, '', 0, '1496403299'),
(13, 11, 3, 0, 0, 1071, '', 0, '1496403348'),
(14, 11, 4, 0, 0, 1075.5, '', 0, '1496403412'),
(15, 11, 5, 0, 0, 1073.7, '', 0, '1496403478'),
(16, 11, 6, 0, 0, 2148.3, '', 0, '1496403522'),
(17, 11, 7, 0, 0, 793.8, '', 0, '1496403599'),
(18, 11, 8, 0, 0, 1070.1, '', 0, '1496403666'),
(19, 32, 0, 23, 0, -9161, '', 0, '1496404700'),
(20, 32, 9, 0, 0, 1253, '', 0, '1496404923'),
(21, 32, 10, 0, 0, 2323.3, '', 0, '1496404951'),
(22, 32, 11, 0, 0, 1312.5, '', 0, '1496405146'),
(23, 32, 12, 0, 0, 2414.25, '', 0, '1496405204'),
(24, 28, 13, 0, 0, 0, '', 0, '1496405523'),
(25, 28, 0, 26, 0, 3190, '', 0, '1496405543'),
(26, 27, 0, 28, 0, -268, '', 0, '1496405873'),
(27, 27, 14, 0, 0, 665.55, '', 0, '1496406416'),
(28, 27, 15, 0, 0, 2644.65, '', 0, '1496406452'),
(29, 15, 0, 30, 0, -5673, '', 0, '1496406741'),
(30, 15, 16, 0, 0, 518.5, '', 0, '1496406973'),
(31, 15, 17, 0, 0, 1549.55, '', 0, '1496407018'),
(32, 15, 18, 0, 0, 777.75, '', 0, '1496407084'),
(33, 35, 19, 0, 0, 0, '', 0, '1496407359'),
(34, 35, 0, 32, 0, 682, '', 0, '1496407370'),
(35, 16, 0, 34, 0, -4605, '', 0, '1496407926'),
(36, 16, 20, 0, 0, 1134, '', 0, '1496408107'),
(37, 16, 21, 0, 0, 1606.5, '', 0, '1496408155'),
(38, 16, 22, 0, 0, 2068.5, '', 0, '1496408214'),
(39, 34, 0, 36, 0, -1914, '', 0, '1496408340'),
(40, 22, 0, 38, 0, -2588, '', 0, '1496408587'),
(41, 22, 23, 0, 0, 2038.5, '', 0, '1496408949'),
(42, 30, 0, 40, 0, -402, '', 0, '1496409387'),
(43, 29, 24, 0, 0, 0, '', 0, '1496409583'),
(44, 29, 0, 41, 0, 819, '', 0, '1496409596'),
(45, 31, 0, 43, 0, -13752, '', 0, '1496409916'),
(46, 31, 25, 0, 0, 1813, '', 0, '1496410240'),
(47, 31, 26, 0, 0, 2837.1, '', 0, '1496410290'),
(48, 31, 27, 0, 0, 2080.4, '', 0, '1496410347'),
(49, 33, 28, 0, 0, 0, '', 0, '1496411002'),
(50, 33, 0, 46, 0, 5724, '', 0, '1496411014'),
(51, 20, 29, 0, 0, 0, '', 0, '1496411249'),
(52, 20, 0, 48, 0, 7939, '', 0, '1496411263'),
(53, 20, 30, 0, 0, 1812.2, '', 0, '1496411437'),
(54, 23, 0, 50, 0, -5055, '', 0, '1496411765'),
(55, 23, 31, 0, 0, 1095, '', 0, '1496411909'),
(56, 23, 32, 0, 0, 2396.25, '', 0, '1496411943'),
(57, 23, 33, 0, 0, 1327.5, '', 0, '1496412099'),
(58, 23, 34, 0, 0, 2223, '', 0, '1496412133'),
(59, 23, 0, 0, 4500, 0, '', 1, '1496412250'),
(60, 24, 0, 53, 0, -16155, '', 0, '1496412531'),
(61, 21, 0, 55, 0, -3375, '', 0, '1496412917'),
(62, 21, 35, 0, 0, 1773.1, '', 0, '1496413061'),
(63, 21, 36, 0, 0, 1291.15, '', 0, '1496413105'),
(64, 17, 0, 57, 0, -25706, '', 0, '1496413581'),
(65, 17, 37, 0, 0, 386.4, '', 0, '1496413814'),
(66, 17, 38, 0, 0, 3446.4, '', 0, '1496413854'),
(67, 17, 39, 0, 0, 3050.4, '', 0, '1496414034'),
(68, 17, 40, 0, 0, 1864.8, '', 0, '1496414216'),
(69, 26, 41, 0, 0, 0, '', 0, '1496458291'),
(70, 26, 0, 60, 0, 148, '', 0, '1496458303'),
(71, 26, 42, 0, 0, 0, '', 0, '1496458446'),
(72, 12, 0, 62, 0, -8033, '', 0, '1496458653'),
(73, 12, 43, 0, 0, 2209.15, '', 0, '1498299395'),
(74, 12, 44, 0, 0, 4830.55, '', 0, '1498299382'),
(75, 18, 45, 0, 0, 0, '', 0, '1496459099'),
(76, 18, 0, 65, 0, 41092, '', 0, '1496459124'),
(77, 18, 46, 0, 0, 0, '', 0, '1496459340'),
(78, 18, 47, 0, 0, 5724.9, '', 0, '1497075987'),
(79, 25, 0, 69, 0, -1735, '', 0, '1496459870'),
(80, 25, 48, 0, 0, 1195.6, '', 0, '1496460144'),
(81, 25, 49, 0, 0, 1806, '', 0, '1496460180'),
(82, 37, 50, 0, 0, 0, '', 0, '1496460376'),
(83, 37, 0, 71, 0, 120, '', 0, '1496460386'),
(84, 19, 0, 73, 0, -15564, '', 0, '1496460637'),
(85, 17, 51, 0, 0, 0, '', 0, '1496461077'),
(86, 13, 0, 76, 0, -11288, '', 0, '1496461655'),
(87, 13, 52, 0, 0, 2997.9, '', 0, '1496461826'),
(88, 13, 53, 0, 0, 2281.5, '', 0, '1496461852'),
(89, 14, 0, 80, 0, -14146, '', 0, '1496462114'),
(90, 14, 54, 0, 0, 768.4, '', 0, '1496462219'),
(91, 14, 55, 0, 0, 2760.8, '', 0, '1496462244'),
(92, 14, 56, 0, 0, 2244, '', 0, '1496462268'),
(93, 14, 57, 0, 0, 1799.45, '', 0, '1496462289'),
(94, 14, 58, 0, 0, 1537.65, '', 0, '1496464287'),
(95, 14, 59, 0, 0, 1763.75, '', 0, '1496464317'),
(96, 6, 60, 0, 0, 0, '', 0, '1496464546'),
(97, 6, 0, 84, 0, 966, '', 0, '1496464554'),
(98, 6, 61, 0, 0, 2958.9, '', 0, '1496464788'),
(99, 37, 0, 0, 12000, 0, '', 209, '1496465135'),
(100, 36, 0, 86, 0, -39039, '', 0, '1496469340'),
(101, 36, 62, 0, 0, 307, '', 0, '1496469736'),
(102, 36, 63, 0, 0, 7192, '', 0, '1496469941'),
(103, 36, 64, 0, 0, 4109, '', 0, '1500035820'),
(104, 38, 0, 0, 20000, 0, '', 210, '1496471435'),
(105, 20, 0, 0, 8000, 0, '', 211, '1496471464'),
(106, 15, 65, 0, 0, 2334.95, '', 0, '1496471779'),
(107, 26, 66, 0, 0, 278.1, '', 0, '1496471993'),
(108, 33, 67, 0, 0, 2482.5, '', 0, '1496472233'),
(109, 3, 68, 0, 0, 5571, '', 0, '1496472595'),
(110, 8, 69, 0, 0, 1910, '', 0, '1496472722'),
(111, 11, 70, 0, 0, 1616.4, '', 0, '1496473086'),
(112, 11, 71, 0, 0, 1328.4, '', 0, '1496473350'),
(113, 13, 0, 0, 2000, 0, '', 212, '1496473820'),
(114, 18, 0, 0, 19000, 0, '', 213, '1496474215'),
(115, 18, 0, 0, 19000, 0, '', 214, '1496474252'),
(116, 18, 0, 0, 3092, 0, '', 215, '1496474475'),
(117, 11, 0, 0, 4000, 0, '', 216, '1496475149'),
(118, 19, 72, 0, 0, 3880.8, '', 0, '1496475630'),
(119, 28, 0, 0, 3190, 0, '', 217, '1496475822'),
(120, 28, 0, 0, 2000, 0, '', 218, '1496476017'),
(121, 4, 73, 0, 0, 3608.5, '', 0, '1496476312'),
(122, 39, 0, 0, 2500, 0, '', 219, '1496485172'),
(123, 29, 0, 0, 4000, 0, '', 220, '1496486531'),
(124, 14, 0, 0, 4000, 0, '', 221, '1496486904'),
(125, 4, 0, 0, 4000, 0, '', 222, '1496487537'),
(126, 5, 0, 0, 5000, 0, '', 223, '1496487615'),
(127, 7, 0, 0, 5000, 0, '', 224, '1496487636'),
(128, 22, 0, 0, 3400, 0, '', 225, '1496490684'),
(129, 6, 0, 0, 8000, 0, '', 226, '1496495183'),
(130, 32, 0, 0, 5000, 0, '', 227, '1496496559'),
(131, 23, 0, 0, 5500, 0, '', 228, '1496496597'),
(132, 31, 0, 0, 2000, 0, '', 229, '1496496627'),
(133, 10, 0, 0, 2000, 0, '', 230, '1496496669'),
(134, 33, 0, 0, 7000, 0, '', 231, '1496497823'),
(135, 8, 0, 0, 1000, 0, '', 232, '1496498238'),
(136, 3, 0, 0, 5500, 0, '', 233, '1496498444'),
(137, 2, 0, 0, 12500, 0, '', 234, '1496498484'),
(138, 16, 0, 0, 0, 0, '', 235, '1496499606'),
(139, 17, 0, 0, 5000, 0, '', 236, '1496499788'),
(140, 14, 74, 0, 0, 923.1, '', 0, '1497073409'),
(141, 14, 75, 0, 0, 1263.95, '', 0, '1497073525'),
(142, 11, 0, 0, 3000, 0, '', 237, '1497075205'),
(143, 26, 0, 0, 2500, 0, '', 238, '1497076981'),
(144, 29, 0, 0, 4000, 0, '', 239, '1497078466'),
(145, 22, 0, 0, 3000, 0, '', 240, '1497078919'),
(146, 32, 76, 0, 0, 2562.75, '', 0, '1497082033'),
(147, 32, 77, 0, 0, 2536.8, '', 0, '1497082089'),
(148, 13, 0, 0, 2700, 0, '', 241, '1497085206'),
(149, 39, 0, 0, 1500, 0, '', 242, '1497088165'),
(150, 34, 78, 0, 0, 601.2, '', 0, '1497088810'),
(151, 5, 79, 0, 0, 5534.4, '', 0, '1497089338'),
(152, 5, 80, 0, 0, 5177.4, '', 0, '1497089406'),
(153, 7, 81, 0, 0, 5855.4, '', 0, '1497089897'),
(154, 7, 82, 0, 0, 5734.8, '', 0, '1497089948'),
(155, 5, 0, 0, 6000, 0, '', 243, '1497090593'),
(156, 7, 0, 0, 6500, 0, '', 244, '1497090633'),
(159, 39, 84, 0, 0, 1123.2, '', 0, '1497091677'),
(160, 14, 85, 0, 0, 1263.95, '', 0, '1497092455'),
(161, 14, 86, 0, 0, 991.95, '', 0, '1497092545'),
(162, 14, 0, 0, 4000, 0, '', 245, '1497093018'),
(163, 9, 87, 0, 0, 10974.675, '', 0, '1497093821'),
(164, 9, 88, 0, 0, 3504.93, '', 0, '1497093907'),
(165, 9, 0, 0, 15000, 0, '', 246, '1497095380'),
(166, 1, 0, 0, 15000, 0, '', 247, '1497095447'),
(167, 17, 0, 0, 6250, 0, '', 248, '1497096279'),
(168, 3, 89, 0, 0, 5796.6, '', 0, '1497097373'),
(169, 6, 90, 0, 0, 4176.6, '', 0, '1497098540'),
(170, 6, 91, 0, 0, 3948, '', 0, '1497098612'),
(171, 6, 0, 0, 15000, 0, '', 249, '1497099517'),
(172, 8, 92, 0, 0, 999.5, '', 0, '1497102252'),
(173, 8, 0, 0, 1500, 0, '', 250, '1497102316'),
(174, 3, 0, 0, 6000, 0, '', 251, '1497102427'),
(175, 2, 0, 0, 14000, 0, '', 252, '1497102486'),
(176, 23, 93, 0, 0, 2836.5, '', 0, '1497104637'),
(177, 23, 94, 0, 0, 2873.25, '', 0, '1497104793'),
(178, 1, 95, 0, 0, 16110, '', 0, '1497104952'),
(179, 2, 96, 0, 0, 12257.4, '', 0, '1497105802'),
(180, 2, 97, 0, 0, 13293, '', 0, '1497105916'),
(181, 37, 98, 0, 0, 8194.8, '', 0, '1497106503'),
(182, 37, 99, 0, 0, 3374.4, '', 0, '1497106562'),
(183, 23, 0, 0, 5000, 0, '', 253, '1497354644'),
(184, 10, 0, 0, 1500, 0, '', 254, '1497354782'),
(185, 4, 0, 0, 4500, 0, '', 255, '1497358466'),
(186, 19, 0, 0, 1000, 0, '', 256, '1497359103'),
(187, 32, 0, 0, 5000, 0, '', 257, '1497436450'),
(188, 11, 100, 0, 0, 1269.05, '', 0, '1497531368'),
(189, 11, 101, 0, 0, 2028.1, '', 0, '1497531463'),
(190, 11, 102, 0, 0, 1009.8, '', 0, '1497531562'),
(191, 20, 103, 0, 0, 3861.55, '', 0, '1497531727'),
(192, 20, 104, 0, 0, 3055.75, '', 0, '1497531791'),
(193, 21, 105, 0, 0, 1285.2, '', 0, '1497531891'),
(194, 1, 106, 0, 0, 10476.875, '', 0, '1497532082'),
(195, 27, 107, 0, 0, 2471.85, '', 0, '1497532251'),
(196, 27, 108, 0, 0, 1209.6, '', 0, '1497532304'),
(197, 26, 109, 0, 0, 2499.3, '', 0, '1497532493'),
(198, 26, 110, 0, 0, 1971, '', 0, '1497532546'),
(199, 23, 111, 0, 0, 1166.25, '', 0, '1497532713'),
(200, 23, 112, 0, 0, 1005, '', 0, '1497532788'),
(201, 23, 113, 0, 0, 1743.75, '', 0, '1497532847'),
(202, 23, 114, 0, 0, 1570.5, '', 0, '1497532962'),
(203, 10, 115, 0, 0, 2554.2, '', 0, '1497533168'),
(204, 10, 116, 0, 0, 2005.2, '', 0, '1497533215'),
(205, 31, 117, 0, 0, 405.3, '', 0, '1497533475'),
(206, 31, 118, 0, 0, 2160.2, '', 0, '1497533562'),
(207, 28, 119, 0, 0, 2258.25, '', 0, '1497533923'),
(208, 28, 120, 0, 0, 2243.25, '', 0, '1497533980'),
(209, 16, 121, 0, 0, 1599, '', 0, '1497534139'),
(210, 29, 122, 0, 0, 3291.3, '', 0, '1497534403'),
(211, 29, 123, 0, 0, 3645, '', 0, '1497534551'),
(212, 4, 124, 0, 0, 4194, '', 0, '1497534793'),
(213, 4, 125, 0, 0, 4758.5, '', 0, '1497534924'),
(214, 39, 126, 0, 0, 1656, '', 0, '1497535151'),
(215, 39, 127, 0, 0, 1662.3, '', 0, '1497535196'),
(216, 15, 128, 0, 0, 1295.4, '', 0, '1497535310'),
(217, 13, 129, 0, 0, 2150.1, '', 0, '1497535432'),
(218, 13, 130, 0, 0, 2670.3, '', 0, '1497535480'),
(219, 39, 0, 0, 2500, 0, '', 258, '1497680078'),
(220, 11, 0, 0, 4000, 0, '', 259, '1497681095'),
(221, 28, 0, 0, 5000, 0, '', 260, '1497683229'),
(222, 21, 0, 0, 3000, 0, '', 261, '1497683909'),
(223, 16, 0, 0, 3500, 0, '', 262, '1497693139'),
(224, 14, 131, 0, 0, 2255.05, '', 0, '1500721564'),
(225, 14, 132, 0, 0, 2314.55, '', 0, '1497696069'),
(226, 14, 0, 0, 3300, 0, '', 263, '1497696215'),
(227, 4, 0, 0, 3000, 0, '', 264, '1497696853'),
(228, 15, 0, 0, 3000, 0, '', 265, '1497697331'),
(229, 26, 133, 0, 0, 2203.2, '', 0, '1497698782'),
(230, 26, 0, 0, 4000, 0, '', 266, '1497698961'),
(231, 29, 0, 0, 2500, 0, '', 267, '1497699567'),
(232, 13, 0, 0, 2000, 0, '', 268, '1497699953'),
(233, 6, 0, 0, 10000, 0, '', 269, '1497701993'),
(234, 25, 134, 0, 0, 2397.6, '', 0, '1497702753'),
(235, 15, 135, 0, 0, 1804.55, '', 0, '1497702818'),
(236, 22, 136, 0, 0, 3396.6, '', 0, '1497702933'),
(237, 22, 137, 0, 0, 2986.2, '', 0, '1497702980'),
(238, 17, 0, 0, 10000, 0, '', 270, '1497704315'),
(239, 22, 0, 0, 1200, 0, '', 271, '1497704738'),
(240, 12, 0, 0, 4000, 0, '', 272, '1497705496'),
(241, 2, 0, 0, 12000, 0, '', 273, '1497706904'),
(242, 2, 0, 0, 3500, 0, '', 274, '1497707243'),
(243, 3, 0, 0, 6000, 0, '', 275, '1497708097'),
(244, 23, 0, 0, 4500, 0, '', 276, '1497964736'),
(245, 32, 0, 0, 1000, 0, '', 277, '1497964767'),
(246, 31, 0, 0, 4500, 0, '', 278, '1497964809'),
(247, 29, 138, 0, 0, 2025.9, '', 0, '1498136692'),
(248, 20, 0, 0, 9000, 0, '', 279, '1498284176'),
(249, 39, 0, 0, 1000, 0, '', 280, '1498284862'),
(250, 35, 0, 0, 5000, 0, '', 281, '1498285200'),
(251, 18, 0, 0, 10000, 0, '', 282, '1498287064'),
(252, 18, 0, 0, 10000, 0, '', 283, '1498287091'),
(253, 18, 0, 0, 10000, 0, '', 284, '1498287117'),
(254, 18, 0, 0, 10000, 0, '', 285, '1498287143'),
(255, 22, 0, 0, 1700, 0, '', 286, '1498288156'),
(256, 11, 0, 0, 2500, 0, '', 287, '1498289351'),
(257, 17, 139, 0, 0, 3343.2, '', 0, '1498297127'),
(258, 17, 140, 0, 0, 3354, '', 0, '1498297316'),
(259, 17, 141, 0, 0, 1543.2, '', 0, '1498297399'),
(260, 17, 142, 0, 0, 4872, '', 0, '1498297478'),
(261, 17, 143, 0, 0, 1119.6, '', 0, '1498297561'),
(262, 17, 144, 0, 0, 542.4, '', 0, '1498297626'),
(263, 17, 145, 0, 0, 2560.8, '', 0, '1498297714'),
(264, 17, 146, 0, 0, 2236.8, '', 0, '1498297767'),
(265, 17, 147, 0, 0, 3674.4, '', 0, '1498297833'),
(266, 17, 148, 0, 0, 610.85, '', 0, '1498297922'),
(267, 17, 149, 0, 0, 2132.75, '', 0, '1498298009'),
(268, 17, 150, 0, 0, 2583.6, '', 0, '1498298309'),
(269, 17, 151, 0, 0, 1796.4, '', 0, '1498298418'),
(270, 17, 152, 0, 0, 617.5, '', 0, '1498298588'),
(271, 17, 153, 0, 0, 728.4, '', 0, '1498298637'),
(272, 17, 154, 0, 0, 2242.8, '', 0, '1498298684'),
(273, 17, 155, 0, 0, 1112.4, '', 0, '1498298781'),
(274, 17, 156, 0, 0, 589.95, '', 0, '1498298836'),
(275, 12, 157, 0, 0, 3942.3, '', 0, '1498299201'),
(276, 12, 158, 0, 0, 332.35, '', 0, '1498299253'),
(277, 14, 159, 0, 0, 793.9, '', 0, '1498299825'),
(278, 14, 160, 0, 0, 2593.35, '', 0, '1498299874'),
(279, 14, 0, 0, 1000, 0, '', 288, '1498299932'),
(280, 5, 161, 0, 0, 5463.6, '', 0, '1498301075'),
(281, 17, 0, 0, 10000, 0, '', 289, '1498301505'),
(282, 27, 0, 0, 10000, 0, '', 290, '1498301537'),
(283, 7, 162, 0, 0, 6045, '', 0, '1498302148'),
(284, 4, 163, 0, 0, 3052, '', 0, '1498302379'),
(285, 5, 0, 0, 11000, 0, '', 291, '1498302786'),
(286, 7, 0, 0, 12000, 0, '', 292, '1498302813'),
(287, 4, 0, 0, 3500, 0, '', 293, '1498303188'),
(288, 26, 164, 0, 0, 1750.5, '', 0, '1498303786'),
(289, 36, 0, 0, 2085, 0, '', 294, '1498304033'),
(290, 26, 0, 0, 2350, 0, '', 295, '1498304380'),
(291, 34, 0, 0, 2000, 0, '', 296, '1498305745'),
(292, 13, 0, 0, 3000, 0, '', 297, '1498306790'),
(293, 6, 0, 0, 10000, 0, '', 298, '1498308973'),
(294, 8, 165, 0, 0, 1616, '', 0, '1498309544'),
(295, 8, 166, 0, 0, 177.5, '', 0, '1498309598'),
(296, 34, 167, 0, 0, 1537, '', 0, '1498313020'),
(297, 11, 168, 0, 0, 1530.85, '', 0, '1498313274'),
(298, 11, 169, 0, 0, 1019.15, '', 0, '1498313414'),
(299, 11, 170, 0, 0, 512.55, '', 0, '1498313468'),
(300, 11, 171, 0, 0, 259.25, '', 0, '1498313506'),
(301, 11, 172, 0, 0, 917.15, '', 0, '1498313581'),
(302, 11, 173, 0, 0, 1008.1, '', 0, '1498313690'),
(303, 11, 174, 0, 0, 0, '', 0, '1498313904'),
(304, 2, 0, 0, 11500, 0, '', 299, '1498314925'),
(305, 3, 0, 0, 5500, 0, '', 300, '1498315020'),
(306, 16, 175, 0, 0, 1222.5, '', 0, '1498566960'),
(307, 16, 176, 0, 0, 692.25, '', 0, '1498567015'),
(308, 22, 177, 0, 0, 1367.55, '', 0, '1498567118'),
(309, 27, 178, 0, 0, 2451.6, '', 0, '1498567264'),
(310, 18, 179, 0, 0, 2717.1, '', 0, '1498567566'),
(311, 18, 180, 0, 0, 463.5, '', 0, '1498567616'),
(312, 18, 181, 0, 0, 6476.4, '', 0, '1498567773'),
(313, 18, 182, 0, 0, 2119, '', 0, '1498567845'),
(314, 18, 183, 0, 0, 4569, '', 0, '1498567967'),
(315, 18, 184, 0, 0, 3081, '', 0, '1498569550'),
(316, 18, 185, 0, 0, 2754, '', 0, '1498570241'),
(317, 18, 186, 0, 0, 3006, '', 0, '1498570392'),
(318, 18, 187, 0, 0, 3093.3, '', 0, '1498570527'),
(319, 18, 188, 0, 0, 3066, '', 0, '1498570640'),
(320, 18, 189, 0, 0, 2993.4, '', 0, '1498570729'),
(321, 18, 190, 0, 0, 274.5, '', 0, '1498570789'),
(322, 18, 191, 0, 0, 3064, '', 0, '1498570906'),
(323, 18, 192, 0, 0, 3013.2, '', 0, '1498570980'),
(324, 18, 193, 0, 0, 2714.4, '', 0, '1498571054'),
(325, 5, 194, 0, 0, 5433, '', 0, '1498821432'),
(326, 5, 195, 0, 0, 5346.6, '', 0, '1498821488'),
(327, 7, 196, 0, 0, 5749.2, '', 0, '1498821683'),
(328, 7, 197, 0, 0, 5862, '', 0, '1498821747'),
(329, 4, 198, 0, 0, 3718.5, '', 0, '1498821974'),
(330, 5, 0, 0, 5000, 0, '', 301, '1498822121'),
(331, 7, 0, 0, 5000, 0, '', 302, '1498822164'),
(332, 23, 0, 0, 5500, 0, '', 303, '1498823814'),
(333, 10, 0, 0, 4500, 0, '', 304, '1498823915'),
(334, 6, 0, 0, 7500, 0, '', 305, '1498828175'),
(335, 22, 0, 0, 2000, 0, '', 306, '1498828524'),
(336, 2, 0, 0, 10500, 0, '', 307, '1498829000'),
(337, 3, 0, 0, 3500, 0, '', 308, '1498829196'),
(338, 35, 199, 0, 0, 1634.25, '', 0, '1498888077'),
(339, 35, 200, 0, 0, 3540.75, '', 0, '1498888160'),
(340, 35, 201, 0, 0, 2733.75, '', 0, '1498888249'),
(341, 35, 0, 0, 2900, 0, '', 309, '1498888799'),
(342, 13, 0, 0, 2500, 0, '', 310, '1498896438'),
(343, 16, 202, 0, 0, 2058, '', 0, '1498904260'),
(344, 16, 0, 0, 3500, 0, '', 311, '1498904894'),
(345, 17, 0, 0, 7000, 0, '', 312, '1498905092'),
(346, 13, 203, 0, 0, 2939.4, '', 0, '1498906781'),
(347, 13, 204, 0, 0, 1872, '', 0, '1498906868'),
(348, 6, 205, 0, 0, 5568.5, '', 0, '1498907250'),
(349, 6, 206, 0, 0, 5485.2, '', 0, '1498907308'),
(350, 6, 207, 0, 0, 5199.6, '', 0, '1498908088'),
(351, 6, 208, 0, 0, 5458.2, '', 0, '1498908145'),
(352, 6, 209, 0, 0, 5289.2, '', 0, '1498908289'),
(353, 6, 210, 0, 0, 5209.8, '', 0, '1498908355'),
(354, 20, 211, 0, 0, 2895.1, '', 0, '1498911644'),
(355, 20, 212, 0, 0, 3917.65, '', 0, '1498911702'),
(356, 20, 0, 0, 9000, 0, '', 313, '1498911975'),
(357, 20, 0, 0, 1000, 0, '', 314, '1498912178'),
(358, 19, 213, 0, 0, 3091.9, '', 0, '1499082717'),
(359, 13, 214, 0, 0, 2121.3, '', 0, '1499082976'),
(360, 13, 215, 0, 0, 533.7, '', 0, '1499083057'),
(361, 22, 216, 0, 0, 1846.8, '', 0, '1499083933'),
(362, 22, 217, 0, 0, 1884.6, '', 0, '1499084016'),
(363, 23, 218, 0, 0, 2186.25, '', 0, '1499084211'),
(364, 23, 219, 0, 0, 2220.75, '', 0, '1499084261'),
(365, 23, 220, 0, 0, 2913.75, '', 0, '1499084329'),
(366, 23, 221, 0, 0, 2844, '', 0, '1499084389'),
(367, 25, 222, 0, 0, 1479.6, '', 0, '1499084546'),
(368, 25, 223, 0, 0, 1487.7, '', 0, '1499084589'),
(369, 28, 224, 0, 0, 2478, '', 0, '1499084741'),
(370, 28, 225, 0, 0, 456, '', 0, '1499084814'),
(371, 28, 226, 0, 0, 1344.75, '', 0, '1499085000'),
(372, 31, 227, 0, 0, 4380.6, '', 0, '1499085326'),
(373, 15, 228, 0, 0, 391, '', 0, '1499085461'),
(374, 33, 229, 0, 0, 2017.5, '', 0, '1499085796'),
(375, 33, 230, 0, 0, 1067.25, '', 0, '1499085866'),
(376, 16, 231, 0, 0, 1402.5, '', 0, '1499086445'),
(377, 34, 232, 0, 0, 2620, '', 0, '1499086639'),
(378, 32, 233, 0, 0, 943.6, '', 0, '1499086895'),
(379, 32, 234, 0, 0, 1176, '', 0, '1499087111'),
(380, 32, 235, 0, 0, 1569.75, '', 0, '1499087184'),
(381, 32, 236, 0, 0, 2203.5, '', 0, '1499087420'),
(382, 39, 237, 0, 0, 1928.7, '', 0, '1499087829'),
(383, 39, 238, 0, 0, 818.1, '', 0, '1499088685'),
(384, 11, 239, 0, 0, 740.35, '', 0, '1499088904'),
(385, 14, 240, 0, 0, 1014.9, '', 0, '1499089241'),
(386, 21, 241, 0, 0, 3597.2, '', 0, '1499089861'),
(387, 36, 242, 0, 0, 1774.5, '', 0, '1499090018'),
(388, 1, 243, 0, 0, 9997.5, '', 0, '1499174893'),
(389, 9, 244, 0, 0, 1969.825, '', 0, '1499175307'),
(390, 9, 245, 0, 0, 6902.145, '', 0, '1499175363'),
(391, 9, 246, 0, 0, 6212.115, '', 0, '1499175517'),
(392, 9, 247, 0, 0, 2100.67, '', 0, '1499175585'),
(393, 3, 248, 0, 0, 6474, '', 0, '1499176234'),
(394, 3, 249, 0, 0, 6783.6, '', 0, '1499176537'),
(395, 3, 250, 0, 0, 5769.6, '', 0, '1499177026'),
(396, 2, 251, 0, 0, 14529, '', 0, '1499336063'),
(397, 2, 252, 0, 0, 12908.4, '', 0, '1499336117'),
(398, 2, 253, 0, 0, 11855.4, '', 0, '1499336158'),
(399, 2, 254, 0, 0, 10789.8, '', 0, '1499336202'),
(400, 3, 255, 0, 0, 2004.6, '', 0, '1499336396'),
(401, 10, 256, 0, 0, 4519.2, '', 0, '1499336567'),
(402, 7, 257, 0, 0, 5301, '', 0, '1499336645'),
(403, 5, 258, 0, 0, 4941, '', 0, '1499336704'),
(404, 6, 259, 0, 0, 3852.1, '', 0, '1499336789'),
(405, 6, 260, 0, 0, 3588, '', 0, '1499336874'),
(406, 6, 261, 0, 0, 927.5, '', 0, '1499336936'),
(407, 17, 262, 0, 0, 2161.25, '', 0, '1499337087'),
(408, 17, 263, 0, 0, 2985.6, '', 0, '1499337175'),
(409, 17, 264, 0, 0, 2988, '', 0, '1499337251'),
(410, 17, 265, 0, 0, 2423.45, '', 0, '1499337311'),
(411, 17, 266, 0, 0, 681.6, '', 0, '1499337381'),
(412, 17, 267, 0, 0, 2936.4, '', 0, '1499337443'),
(413, 17, 268, 0, 0, 636, '', 0, '1499337504'),
(414, 17, 269, 0, 0, 855, '', 0, '1499337570'),
(415, 17, 270, 0, 0, 310.65, '', 0, '1499337642'),
(416, 18, 274, 0, 0, 4884.9, '', 0, '1499338508'),
(417, 18, 275, 0, 0, 3022.2, '', 0, '1499338573'),
(418, 18, 276, 0, 0, 2981.7, '', 0, '1499338638'),
(419, 18, 277, 0, 0, 220.5, '', 0, '1499339073'),
(420, 18, 278, 0, 0, 2530.8, '', 0, '1499338789'),
(421, 18, 279, 0, 0, 4113.5, '', 0, '1499338910'),
(422, 18, 280, 0, 0, 276.3, '', 0, '1499339038'),
(423, 18, 281, 0, 0, 4068.85, '', 0, '1499339535'),
(424, 18, 282, 0, 0, 3582.45, '', 0, '1499339714'),
(425, 18, 283, 0, 0, 6071.4, '', 0, '1499340980'),
(426, 18, 284, 0, 0, 3028.5, '', 0, '1499341075'),
(427, 17, 293, 0, 0, 4038, '', 0, '1500123171'),
(428, 17, 294, 0, 0, 3308.85, '', 0, '1500123236'),
(429, 17, 295, 0, 0, 598.5, '', 0, '1500123300'),
(430, 17, 296, 0, 0, 2218.8, '', 0, '1500123371'),
(431, 18, 297, 0, 0, 2600.1, '', 0, '1500124027'),
(432, 18, 298, 0, 0, 5958, '', 0, '1500123943'),
(433, 18, 299, 0, 0, 4361.45, '', 0, '1500124176'),
(434, 18, 300, 0, 0, 2737.8, '', 0, '1500124819'),
(435, 11, 301, 0, 0, 3027.7, '', 0, '1500708030'),
(436, 11, 0, 0, 1000, 0, '', 315, '1500710064'),
(437, 28, 302, 0, 0, 2232.75, '', 0, '1500710960'),
(438, 28, 0, 0, 5000, 0, '', 316, '1500711866'),
(439, 14, 303, 0, 0, 1477.3, '', 0, '1500721355'),
(440, 14, 0, 0, 1000, 0, '', 317, '1500723655'),
(441, 17, 0, 0, 9500, 0, '', 318, '1500723856'),
(442, 2, 0, 0, 9500, 0, '', 319, '1500725549'),
(443, 3, 0, 0, 5000, 0, '', 320, '1500725611'),
(444, 1, 0, 0, 9500, 0, '', 321, '1500726029'),
(445, 9, 0, 0, 9500, 0, '', 322, '1500726089'),
(446, 5, 0, 0, 5000, 0, '', 323, '1500726128'),
(447, 28, 0, 120, 0, -300, '', 0, '1500889047'),
(448, 23, 0, 0, 4500, 0, '', 324, '1501056601'),
(449, 32, 0, 0, 5000, 0, '', 325, '1501056695'),
(450, 36, 0, 0, 6000, 0, '', 326, '1501067459'),
(451, 13, 0, 0, 1500, 0, '', 327, '1501067534'),
(452, 2, 0, 0, 5000, 0, '', 328, '1501069175'),
(453, 3, 0, 0, 5000, 0, '', 329, '1501069863'),
(454, 6, 0, 0, 5000, 0, '', 330, '1501070570'),
(455, 22, 0, 0, 1000, 0, '', 331, '1501070646'),
(456, 18, 0, 0, 9999, 0, '', 332, '1501070729'),
(457, 1, 0, 0, 9950, 0, '', 333, '1501070792'),
(458, 2, 0, 0, 2000, 0, '', 334, '1501141720'),
(459, 18, 0, 0, 9999, 0, '', 335, '1501141744'),
(460, 17, 0, 0, 6250, 0, '', 336, '1501148437'),
(461, 1, 0, 0, 9950, 0, '', 337, '1501148709'),
(462, 4, 0, 0, 1050, 0, '', 338, '1501149199'),
(463, 2, 0, 0, 1230, 0, '', 339, '1501152374'),
(464, 9, 304, 0, 0, 18172.02, '', 0, '1501158803'),
(465, 9, 305, 0, 0, 8039.46, '', 0, '1501158874'),
(466, 1, 306, 0, 0, 31398.825, '', 0, '1501159032'),
(467, 4, 307, 0, 0, 1491.5, '', 0, '1501159114'),
(468, 2, 308, 0, 0, 17410.2, '', 0, '1501159279'),
(469, 3, 309, 0, 0, 8917.2, '', 0, '1501159343'),
(470, 33, 310, 0, 0, 1806, '', 0, '1501159438'),
(471, 6, 311, 0, 0, 7903, '', 0, '1501159663'),
(472, 6, 312, 0, 0, 8365, '', 0, '1501159764'),
(473, 22, 313, 0, 0, 919.35, '', 0, '1501159888'),
(474, 25, 314, 0, 0, 371.25, '', 0, '1501160587'),
(475, 28, 315, 0, 0, 2007, '', 0, '1501160676'),
(476, 20, 316, 0, 0, 1929.5, '', 0, '1501160775'),
(477, 5, 317, 0, 0, 7711.2, '', 0, '1501160835'),
(478, 36, 318, 0, 0, 2709, '', 0, '1501160907'),
(479, 13, 319, 0, 0, 1639.8, '', 0, '1501160982'),
(480, 17, 320, 0, 0, 1892.4, '', 0, '1501161083'),
(481, 17, 321, 0, 0, 907.25, '', 0, '1501161168'),
(482, 17, 322, 0, 0, 3482.7, '', 0, '1501161245'),
(483, 18, 323, 0, 0, 1735.65, '', 0, '1501161437'),
(484, 18, 324, 0, 0, 1107, '', 0, '1501161796'),
(485, 18, 325, 0, 0, 3557.7, '', 0, '1501162088'),
(486, 18, 326, 0, 0, 1331.1, '', 0, '1501162175'),
(487, 18, 327, 0, 0, 2587.8, '', 0, '1501162253'),
(488, 18, 328, 0, 0, 2470.5, '', 0, '1501162316'),
(489, 18, 329, 0, 0, 2459.7, '', 0, '1501162388'),
(490, 18, 330, 0, 0, 2446.2, '', 0, '1501162435'),
(491, 18, 331, 0, 0, 3162.55, '', 0, '1501162530'),
(492, 18, 332, 0, 0, 3276.9, '', 0, '1501162698'),
(493, 18, 333, 0, 0, 1917.9, '', 0, '1501162776'),
(494, 18, 334, 0, 0, 379.8, '', 0, '1501162841'),
(495, 18, 335, 0, 0, 3249.9, '', 0, '1501162997'),
(496, 36, 0, 88, 0, -1200, '', 0, '1501225410'),
(497, 38, 0, 0, 10000, 0, '', 340, '1501226986'),
(498, 18, 0, 0, 9999, 0, '', 341, '1501227508'),
(499, 18, 0, 0, 1000, 0, '', 342, '1501241907'),
(500, 19, 0, 0, 1000, 0, '', 343, '1501242076'),
(501, 18, 0, 0, 9500, 0, '', 344, '1501310765'),
(502, 18, 0, 0, 25000, 0, '', 345, '1501312473'),
(503, 20, 0, 100, 0, 11000, '', 0, '1501313103'),
(504, 20, 0, 0, 9500, 0, '', 346, '1501313237'),
(505, 5, 0, 0, 3000, 0, '', 347, '1501325977'),
(506, 7, 0, 0, 2000, 0, '', 348, '1501326038'),
(507, 17, 336, 0, 0, 664.05, '', 0, '1501326406'),
(508, 22, 0, 0, 1500, 0, '', 349, '1501338057'),
(509, 6, 0, 0, 20000, 0, '', 350, '1501341137'),
(510, 3, 0, 0, 2000, 0, '', 351, '1501341368'),
(511, 3, 0, 0, 7000, 0, '', 352, '1501341520'),
(512, 2, 0, 0, 4000, 0, '', 353, '1501341855'),
(513, 2, 0, 0, 7000, 0, '', 354, '1501341897'),
(514, 23, 0, 0, 3000, 0, '', 355, '1501504264'),
(515, 32, 0, 0, 3000, 0, '', 356, '1501504288'),
(516, 10, 0, 0, 2500, 0, '', 357, '1501504376'),
(517, 36, 0, 0, 1000, 0, '', 358, '1501673620'),
(518, 40, 0, 0, 4500, 0, '', 359, '1501847141'),
(519, 21, 337, 0, 0, 653.65, '', 0, '1501916467'),
(520, 21, 0, 56, 0, -700, '', 0, '1501916596'),
(521, 21, 0, 0, 1500, 0, '', 360, '1501916722'),
(522, 28, 0, 0, 3000, 0, '', 361, '1501917196'),
(523, 28, 338, 0, 0, 1784.25, '', 0, '1501918014'),
(524, 28, 339, 0, 0, 221.25, '', 0, '1501918670'),
(525, 28, 340, 0, 0, 1336.5, '', 0, '1501918605'),
(526, 33, 0, 47, 0, -500, '', 0, '1501919783'),
(527, 33, 0, 0, 5500, 0, '', 362, '1501919858'),
(528, 1, 341, 0, 0, 13990.635, '', 0, '1501928404'),
(529, 26, 0, 0, 1000, 0, '', 363, '1501928734'),
(530, 9, 343, 0, 0, 7510.38, '', 0, '1501929369'),
(531, 9, 344, 0, 0, 6148.285, '', 0, '1501929501'),
(532, 18, 345, 0, 0, 1994.4, '', 0, '1501931188'),
(533, 18, 346, 0, 0, 1913.4, '', 0, '1501931308'),
(534, 18, 347, 0, 0, 1623.6, '', 0, '1501931662'),
(535, 18, 348, 0, 0, 2028.25, '', 0, '1501931791'),
(536, 18, 349, 0, 0, 1146.65, '', 0, '1501932136'),
(537, 18, 350, 0, 0, 2736.9, '', 0, '1501932239'),
(538, 18, 351, 0, 0, 364.5, '', 0, '1501932353'),
(539, 18, 352, 0, 0, 2736.9, '', 0, '1501932547'),
(540, 36, 353, 0, 0, 2439, '', 0, '1501935531'),
(541, 36, 354, 0, 0, 862.6, '', 0, '1504525545'),
(542, 36, 0, 0, 2000, 0, '', 364, '1501936394'),
(543, 25, 0, 70, 0, -8000, '', 0, '1501939672'),
(544, 3, 0, 0, 4000, 0, '', 365, '1501940317'),
(545, 2, 0, 0, 7000, 0, '', 366, '1501940473'),
(546, 8, 0, 0, 1050, 0, '', 367, '1501941619'),
(547, 2, 0, 0, 2000, 0, '', 368, '1501942160'),
(548, 2, 0, 0, 642, 0, '', 369, '1501943018'),
(549, 28, 0, 0, 2800, 0, '', 370, '1502098951'),
(550, 10, 355, 0, 0, 2554.2, '', 0, '1502101259'),
(551, 40, 356, 0, 0, 911.05, '', 0, '1502101867'),
(552, 20, 357, 0, 0, 2601.85, '', 0, '1502101998'),
(553, 32, 358, 0, 0, 3831.75, '', 0, '1502102191'),
(554, 32, 359, 0, 0, 2550, '', 0, '1502102271'),
(555, 16, 360, 0, 0, 3453.75, '', 0, '1502102998'),
(556, 16, 361, 0, 0, 2205.75, '', 0, '1502103062'),
(557, 22, 362, 0, 0, 1487.7, '', 0, '1502103277'),
(558, 23, 363, 0, 0, 774.75, '', 0, '1502103900'),
(559, 23, 364, 0, 0, 937.5, '', 0, '1502103847'),
(560, 23, 365, 0, 0, 4605.75, '', 0, '1502104048'),
(561, 23, 366, 0, 0, 589.5, '', 0, '1502104136'),
(562, 17, 367, 0, 0, 2258.4, '', 0, '1502104295'),
(563, 40, 368, 0, 0, 3674.125, '', 0, '1502105892'),
(564, 6, 369, 0, 0, 4909.8, '', 0, '1502106504'),
(565, 6, 370, 0, 0, 4890.9, '', 0, '1502106648'),
(566, 3, 371, 0, 0, 4590.6, '', 0, '1502107199'),
(567, 2, 372, 0, 0, 454.5, '', 0, '1502107761'),
(568, 2, 373, 0, 0, 6897.6, '', 0, '1502107849'),
(569, 20, 374, 0, 0, 3371.95, '', 0, '1502108003'),
(570, 7, 375, 0, 0, 2676, '', 0, '1502108121'),
(571, 5, 376, 0, 0, 1169.4, '', 0, '1502108394'),
(572, 26, 377, 0, 0, 1037.7, '', 0, '1502108533'),
(573, 16, 378, 0, 0, 2154.75, '', 0, '1502108746'),
(574, 36, 379, 0, 0, 1998.8, '', 0, '1504525538'),
(575, 36, 380, 0, 0, 1500.75, '', 0, '1502109209'),
(576, 3, 381, 0, 0, 9144.6, '', 0, '1502109606'),
(577, 2, 382, 0, 0, 7385.4, '', 0, '1502111582'),
(578, 2, 383, 0, 0, 3982, '', 0, '1502111678'),
(579, 19, 0, 0, 2000, 0, '', 371, '1502354419'),
(580, 9, 0, 0, 10000, 0, '', 372, '1502374227'),
(581, 1, 0, 0, 25000, 0, '', 373, '1502374391'),
(582, 9, 0, 0, 20000, 0, '', 374, '1502374422'),
(583, 1, 384, 0, 0, 6276.075, '', 0, '1502431475'),
(584, 9, 385, 0, 0, 2702.925, '', 0, '1502431838'),
(585, 18, 386, 0, 0, 2199.6, '', 0, '1502432053'),
(586, 18, 387, 0, 0, 1888.2, '', 0, '1502432214'),
(587, 11, 388, 0, 0, 1004.7, '', 0, '1502432520'),
(588, 19, 389, 0, 0, 192.4, '', 0, '1502432667'),
(589, 28, 390, 0, 0, 1908, '', 0, '1502432869'),
(590, 40, 0, 0, 4000, 0, '', 375, '1502454716'),
(591, 18, 391, 0, 0, 369, '', 0, '1502521885'),
(592, 18, 392, 0, 0, 2970, '', 0, '1502521955'),
(593, 18, 393, 0, 0, 900, '', 0, '1502522007'),
(594, 28, 0, 0, 2000, 0, '', 376, '1502522635'),
(595, 26, 0, 0, 1000, 0, '', 377, '1502523341'),
(596, 18, 0, 129, 0, -21500, '', 0, '1502525608'),
(597, 18, 0, 0, 10000, 0, '', 378, '1502525682'),
(598, 18, 0, 0, 15125.25, 0, '', 379, '1502526437'),
(599, 14, 0, 0, 3000, 0, '', 380, '1502533302'),
(600, 16, 0, 0, 10000, 0, '', 381, '1502533378'),
(601, 17, 0, 0, 8750, 0, '', 382, '1502536018'),
(602, 17, 0, 0, 1840, 0, '', 383, '1502538356'),
(603, 12, 0, 0, 3000, 0, '', 384, '1502538687'),
(604, 1, 0, 0, 10000, 0, '', 385, '1502545589'),
(605, 22, 0, 0, 2000, 0, '', 386, '1502545781'),
(606, 2, 0, 0, 5000, 0, '', 387, '1502546612'),
(607, 32, 0, 0, 4500, 0, '', 388, '1502711146'),
(608, 10, 0, 0, 2000, 0, '', 389, '1502711198'),
(609, 20, 0, 0, 9000, 0, '', 390, '1502869221'),
(610, 38, 0, 0, 10000, 0, '', 391, '1502870605'),
(611, 2, 397, 0, 0, 10459.8, '', 0, '1502870884'),
(612, 2, 398, 0, 0, 1419.5, '', 0, '1502870978'),
(613, 3, 399, 0, 0, 5733.6, '', 0, '1502871198'),
(614, 14, 400, 0, 0, 3113.55, '', 0, '1502871314'),
(615, 22, 401, 0, 0, 2165.4, '', 0, '1502871438'),
(616, 16, 402, 0, 0, 1730.25, '', 0, '1502871556'),
(617, 40, 403, 0, 0, 4009, '', 0, '1502871683'),
(618, 27, 404, 0, 0, 1260.9, '', 0, '1502871885'),
(619, 26, 405, 0, 0, 1361.7, '', 0, '1502871962'),
(620, 28, 406, 0, 0, 1140.75, '', 0, '1502872093'),
(621, 2, 0, 0, 7000, 0, '', 392, '1502880341'),
(622, 3, 0, 0, 5000, 0, '', 393, '1502880364'),
(623, 14, 0, 83, 0, -1272, '', 0, '1502950505'),
(624, 40, 0, 0, 5000, 0, '', 394, '1503062743'),
(625, 21, 0, 0, 4000, 0, '', 395, '1503125815'),
(626, 26, 407, 0, 0, 3794.4, '', 0, '1503128400'),
(627, 26, 0, 0, 4000, 0, '', 396, '1503128536'),
(628, 28, 0, 0, 2000, 0, '', 397, '1503129104'),
(629, 11, 408, 0, 0, 1262.25, '', 0, '1503131821'),
(630, 11, 409, 0, 0, 499.8, '', 0, '1503131893'),
(631, 11, 0, 22, 0, -7500, '', 0, '1503132154'),
(632, 11, 0, 0, 2500, 0, '', 398, '1503132349'),
(633, 14, 0, 0, 2800, 0, '', 399, '1503138417'),
(634, 17, 410, 0, 0, 2250, '', 0, '1503141173'),
(635, 17, 411, 0, 0, 2541.6, '', 0, '1503141248'),
(636, 17, 412, 0, 0, 1121, '', 0, '1503141342'),
(637, 17, 413, 0, 0, 1390.8, '', 0, '1503141439'),
(638, 17, 414, 0, 0, 2606.4, '', 0, '1503141526'),
(639, 17, 415, 0, 0, 2916, '', 0, '1503141594'),
(640, 17, 0, 0, 9900, 0, '', 400, '1503141731'),
(641, 22, 0, 0, 1500, 0, '', 401, '1503145364'),
(642, 6, 0, 0, 20000, 0, '', 402, '1503145755'),
(643, 4, 0, 0, 3000, 0, '', 403, '1503147485'),
(644, 12, 0, 0, 2500, 0, '', 404, '1503147644'),
(645, 12, 416, 0, 0, 2961.4, '', 0, '1503153199'),
(646, 10, 417, 0, 0, 1956.6, '', 0, '1503153312'),
(647, 1, 418, 0, 0, 8378.76, '', 0, '1503153529'),
(648, 21, 419, 0, 0, 2577.2, '', 0, '1503153638'),
(649, 40, 420, 0, 0, 3996.65, '', 0, '1503153824'),
(650, 36, 421, 0, 0, 3463.5, '', 0, '1503154291'),
(651, 36, 422, 0, 0, 5142.35, '', 0, '1504525526'),
(652, 2, 0, 0, 11000, 0, '', 405, '1503155441'),
(653, 3, 0, 0, 6500, 0, '', 406, '1503155670'),
(654, 19, 0, 0, 2000, 0, '', 407, '1503299532'),
(655, 20, 423, 0, 0, 2701.3, '', 0, '1503302652'),
(656, 32, 424, 0, 0, 2298.75, '', 0, '1503302861'),
(657, 32, 425, 0, 0, 2350.4, '', 0, '1503303391'),
(658, 31, 0, 0, 2500, 0, '', 408, '1503323122'),
(659, 24, 0, 0, 2000, 0, '', 409, '1503325474'),
(660, 23, 0, 0, 5000, 0, '', 410, '1503383100'),
(661, 32, 0, 0, 5000, 0, '', 411, '1503383446'),
(662, 9, 427, 0, 0, 4945.655, '', 0, '1503492888'),
(663, 14, 428, 0, 0, 2844.95, '', 0, '1503492987'),
(664, 28, 429, 0, 0, 2088, '', 0, '1503493078'),
(665, 17, 430, 0, 0, 3006, '', 0, '1503493242'),
(666, 17, 431, 0, 0, 1152.35, '', 0, '1503493354'),
(667, 17, 432, 0, 0, 1435.45, '', 0, '1503493460'),
(668, 17, 433, 0, 0, 1662, '', 0, '1503493567'),
(669, 17, 434, 0, 0, 2584.8, '', 0, '1503493661'),
(670, 19, 435, 0, 0, 4568.85, '', 0, '1503493790'),
(671, 27, 436, 0, 0, 1853.55, '', 0, '1503493979'),
(672, 25, 437, 0, 0, 299.7, '', 0, '1503494107'),
(673, 22, 438, 0, 0, 1795.5, '', 0, '1503494409'),
(674, 21, 439, 0, 0, 2052.75, '', 0, '1503494607'),
(675, 16, 440, 0, 0, 1315.5, '', 0, '1503494919'),
(676, 12, 441, 0, 0, 2484.55, '', 0, '1503495045'),
(677, 4, 442, 0, 0, 1116, '', 0, '1503495236'),
(678, 4, 443, 0, 0, 1804.2, '', 0, '1503495296'),
(679, 9, 444, 0, 0, 5208.435, '', 0, '1503495902'),
(680, 22, 0, 0, 2000, 0, '', 412, '1503735783'),
(681, 1, 0, 0, 10000, 0, '', 413, '1503744118'),
(682, 9, 0, 0, 10000, 0, '', 414, '1503744153'),
(683, 6, 0, 0, 4000, 0, '', 415, '1503749218'),
(684, 40, 0, 0, 2500, 0, '', 416, '1503749240'),
(685, 12, 0, 0, 3000, 0, '', 417, '1503750744'),
(686, 3, 0, 0, 5500, 0, '', 418, '1503756843'),
(687, 2, 0, 0, 10000, 0, '', 419, '1503756976'),
(688, 10, 0, 0, 2000, 0, '', 420, '1504089106'),
(689, 23, 0, 0, 4000, 0, '', 421, '1504089143'),
(690, 32, 0, 0, 4000, 0, '', 422, '1504089187'),
(691, 34, 445, 0, 0, 0, '', 0, '1504090018'),
(692, 18, 446, 0, 0, 2169, '', 0, '1504096094'),
(693, 18, 447, 0, 0, 1742.3, '', 0, '1504096187'),
(694, 18, 448, 0, 0, 1919.7, '', 0, '1504096310'),
(695, 18, 449, 0, 0, 3849.3, '', 0, '1504096416'),
(696, 18, 450, 0, 0, 3783.85, '', 0, '1504096509'),
(697, 18, 451, 0, 0, 3240.9, '', 0, '1504096600'),
(698, 1, 452, 0, 0, 7057.125, '', 0, '1504096882'),
(699, 3, 453, 0, 0, 5786.4, '', 0, '1504097005'),
(700, 11, 454, 0, 0, 1301.35, '', 0, '1504097372'),
(701, 2, 455, 0, 0, 9595.2, '', 0, '1504097439'),
(702, 2, 456, 0, 0, 1159.5, '', 0, '1504097503'),
(703, 21, 457, 0, 0, 2057, '', 0, '1504097610'),
(704, 26, 458, 0, 0, 1625.4, '', 0, '1504099326'),
(705, 24, 459, 0, 0, 1479.15, '', 0, '1504099432'),
(706, 16, 460, 0, 0, 2112, '', 0, '1504099512'),
(707, 39, 461, 0, 0, 687.6, '', 0, '1504099602'),
(708, 28, 462, 0, 0, 631.5, '', 0, '1504099756'),
(709, 28, 463, 0, 0, 1323, '', 0, '1504099827'),
(710, 31, 464, 0, 0, 463.45, '', 0, '1504099930'),
(711, 31, 465, 0, 0, 1936.35, '', 0, '1504099988'),
(712, 41, 466, 0, 0, 714, '', 0, '1504100089'),
(713, 14, 467, 0, 0, 1282.65, '', 0, '1504268165'),
(714, 12, 468, 0, 0, 2912.95, '', 0, '1504268287'),
(715, 11, 469, 0, 0, 2525.35, '', 0, '1504335169'),
(716, 26, 470, 0, 0, 1170, '', 0, '1504336120'),
(717, 26, 0, 0, 3000, 0, '', 423, '1504336218'),
(718, 11, 0, 0, 5000, 0, '', 424, '1504336517'),
(719, 28, 0, 128, 0, -150, '', 0, '1504338475'),
(720, 28, 0, 0, 3500, 0, '', 425, '1504338578'),
(721, 16, 0, 0, 5000, 0, '', 426, '1504347328'),
(722, 14, 0, 0, 3500, 0, '', 427, '1504348505'),
(723, 39, 472, 0, 0, 1080, '', 0, '1504350303'),
(724, 39, 0, 97, 0, 1440, '', 0, '1504350478'),
(725, 39, 0, 0, 2895.9, 0, '', 428, '1504350568'),
(726, 21, 0, 0, 4000, 0, '', 429, '1504350757'),
(727, 22, 0, 0, 2000, 0, '', 430, '1504351316'),
(728, 6, 0, 0, 7000, 0, '', 431, '1504351630'),
(729, 6, 473, 0, 0, 10903.2, '', 0, '1504352441'),
(730, 6, 474, 0, 0, 10197.6, '', 0, '1504352488'),
(731, 6, 475, 0, 0, 2375.8, '', 0, '1504352646'),
(732, 6, 476, 0, 0, 2471.7, '', 0, '1504352681'),
(733, 17, 477, 0, 0, 1720.45, '', 0, '1504353536'),
(734, 17, 478, 0, 0, 2511.6, '', 0, '1504353598'),
(735, 17, 479, 0, 0, 1401.6, '', 0, '1504353649'),
(736, 17, 480, 0, 0, 1738.5, '', 0, '1504353692'),
(737, 17, 481, 0, 0, 687.8, '', 0, '1504353760'),
(738, 2, 482, 0, 0, 10267.2, '', 0, '1504355947'),
(739, 17, 0, 0, 10590, 0, '', 432, '1504356528'),
(740, 3, 485, 0, 0, 5425.2, '', 0, '1504357446'),
(741, 2, 0, 0, 11000, 0, '', 433, '1504358591'),
(742, 3, 0, 0, 5000, 0, '', 434, '1504358623'),
(743, 19, 0, 0, 4000, 0, '', 435, '1504360307'),
(744, 24, 0, 0, 3500, 0, '', 436, '1504361928'),
(745, 36, 486, 0, 0, 1739.45, '', 0, '1504524416'),
(746, 36, 487, 0, 0, 2116.5, '', 0, '1504524622'),
(747, 36, 0, 125, 0, -250, '', 0, '1504525161'),
(748, 36, 0, 0, 2170, 0, '', 437, '1504525612'),
(749, 24, 489, 0, 0, 5229.75, '', 0, '1504532841'),
(750, 17, 490, 0, 0, 2656.8, '', 0, '1504532968'),
(751, 25, 491, 0, 0, 1769.85, '', 0, '1504533128'),
(752, 25, 492, 0, 0, 2052, '', 0, '1504533236'),
(753, 9, 493, 0, 0, 6266.235, '', 0, '1504613138'),
(754, 9, 494, 0, 0, 5109.39, '', 0, '1504613204'),
(755, 9, 0, 0, 25000, 0, '', 438, '1504614312'),
(756, 31, 0, 0, 3000, 0, '', 439, '1504771071'),
(757, 36, 0, 0, 10000, 0, '', 440, '1504780094'),
(758, 40, 495, 0, 0, 3448.975, '', 0, '1504871474'),
(759, 40, 0, 0, 2500, 0, '', 441, '1504871811'),
(760, 28, 0, 0, 2000, 0, '', 442, '1504945396'),
(761, 11, 0, 0, 4000, 0, '', 443, '1504945463'),
(762, 18, 0, 0, 25000, 0, '', 444, '1504946090'),
(763, 20, 0, 0, 5000, 0, '', 445, '1504946773'),
(764, 17, 0, 0, 8000, 0, '', 446, '1504950604'),
(765, 27, 0, 0, 10000, 0, '', 447, '1504950759'),
(766, 14, 0, 0, 2500, 0, '', 448, '1504951298'),
(767, 22, 0, 0, 1500, 0, '', 449, '1504951323'),
(768, 19, 0, 0, 2000, 0, '', 450, '1504961794'),
(769, 19, 496, 0, 0, 4739.15, '', 0, '1504962728'),
(770, 19, 0, 0, 500, 0, '', 451, '1504963081'),
(771, 6, 0, 0, 10000, 0, '', 452, '1504963861'),
(772, 4, 0, 0, 1000, 0, '', 453, '1504963883'),
(773, 2, 0, 0, 11000, 0, '', 454, '1504967192'),
(774, 3, 0, 0, 5000, 0, '', 455, '1504967254'),
(775, 23, 0, 0, 7500, 0, '', 456, '1505216637'),
(776, 32, 0, 0, 8000, 0, '', 457, '1505216675'),
(777, 10, 0, 0, 2500, 0, '', 458, '1505216757'),
(778, 36, 0, 0, 6000, 0, '', 459, '1505457285'),
(779, 26, 497, 0, 0, 563.4, '', 0, '1505543416'),
(780, 26, 498, 0, 0, 1669.5, '', 0, '1505543455'),
(781, 26, 0, 0, 2000, 0, '', 460, '1505543569'),
(782, 34, 499, 0, 0, 227.5, '', 0, '1505547760'),
(783, 42, 500, 0, 0, 470.4, '', 0, '1505547949'),
(784, 28, 501, 0, 0, 2436, '', 0, '1505548295'),
(785, 28, 502, 0, 0, 2277, '', 0, '1505548336'),
(786, 41, 503, 0, 0, 6600, '', 0, '1505549377'),
(787, 28, 504, 0, 0, 1141.5, '', 0, '1505827056'),
(788, 28, 0, 0, 1586, 0, '', 461, '1505549742'),
(789, 3, 506, 0, 0, 4911.6, '', 0, '1505555135'),
(790, 3, 507, 0, 0, 4947.6, '', 0, '1505555203'),
(791, 31, 508, 0, 0, 2952.3, '', 0, '1505555460'),
(792, 14, 509, 0, 0, 1542.75, '', 0, '1505556647'),
(793, 14, 510, 0, 0, 935.85, '', 0, '1505556694'),
(794, 14, 511, 0, 0, 2589.1, '', 0, '1505556837'),
(795, 14, 0, 136, 0, -250, '', 0, '1505557318'),
(796, 14, 0, 0, 2500, 0, '', 462, '1505557457'),
(797, 42, 0, 0, 3000, 0, '', 463, '1505559087'),
(798, 25, 512, 0, 0, 1777.95, '', 0, '1505563732'),
(799, 25, 0, 0, 5000, 0, '', 464, '1505563869'),
(800, 11, 0, 0, 3000, 0, '', 465, '1505563916'),
(801, 6, 0, 0, 10000, 0, '', 466, '1505564190'),
(802, 20, 513, 0, 0, 2882.35, '', 0, '1505567705'),
(803, 20, 514, 0, 0, 4149.7, '', 0, '1505567749'),
(804, 20, 515, 0, 0, 1599.7, '', 0, '1505567804'),
(805, 20, 516, 0, 0, 1311.55, '', 0, '1505567868'),
(806, 20, 0, 0, 4500, 0, '', 467, '1505568917'),
(807, 2, 0, 0, 9000, 0, '', 468, '1505569449'),
(808, 3, 0, 0, 5500, 0, '', 469, '1505570664'),
(809, 9, 0, 0, 10000, 0, '', 470, '1505571463'),
(810, 19, 517, 0, 0, 3087.5, '', 0, '1505721167'),
(811, 19, 0, 135, 0, -2000, '', 0, '1505722490'),
(812, 19, 0, 0, 2000, 0, '', 471, '1505727647'),
(813, 24, 0, 0, 3000, 0, '', 472, '1505799027'),
(814, 31, 0, 0, 3000, 0, '', 473, '1505807010'),
(815, 32, 518, 0, 0, 2665.5, '', 0, '1505819681'),
(816, 32, 519, 0, 0, 2335.45, '', 0, '1505819727'),
(817, 32, 520, 0, 0, 1901.25, '', 0, '1505819799'),
(818, 32, 521, 0, 0, 1713.75, '', 0, '1505819862'),
(819, 32, 522, 0, 0, 3975, '', 0, '1505819951'),
(820, 32, 523, 0, 0, 3772.6, '', 0, '1505820058'),
(821, 32, 0, 0, 3500, 0, '', 474, '1505821015'),
(822, 23, 524, 0, 0, 2750.25, '', 0, '1505821881'),
(823, 23, 525, 0, 0, 2718, '', 0, '1505822774'),
(824, 23, 526, 0, 0, 2147.25, '', 0, '1505822835'),
(825, 23, 527, 0, 0, 2010, '', 0, '1505822928'),
(826, 23, 0, 0, 4000, 0, '', 475, '1505823315'),
(827, 23, 528, 0, 0, 1869.75, '', 0, '1505826460'),
(828, 23, 529, 0, 0, 3960.75, '', 0, '1505826521'),
(829, 23, 530, 0, 0, 1749, '', 0, '1505826585'),
(830, 42, 533, 0, 0, 1494.4, '', 0, '1505826866'),
(831, 42, 534, 0, 0, 1734.4, '', 0, '1505826897'),
(832, 28, 535, 0, 0, 1134, '', 0, '1505827103'),
(833, 41, 536, 0, 0, 3609, '', 0, '1505827274'),
(834, 41, 537, 0, 0, 8187, '', 0, '1505827351'),
(835, 25, 538, 0, 0, 2384.1, '', 0, '1505827446'),
(836, 2, 539, 0, 0, 8913, '', 0, '1505827860'),
(837, 2, 540, 0, 0, 1499, '', 0, '1505827848'),
(838, 2, 541, 0, 0, 10005.6, '', 0, '1505827841'),
(839, 2, 542, 0, 0, 1257.5, '', 0, '1505827931'),
(840, 27, 543, 0, 0, 2158.65, '', 0, '1505828081'),
(841, 27, 544, 0, 0, 1849.5, '', 0, '1505828128'),
(842, 27, 545, 0, 0, 2169.45, '', 0, '1505828214'),
(843, 27, 546, 0, 0, 915.3, '', 0, '1505828335'),
(844, 27, 547, 0, 0, 1358.1, '', 0, '1505828518'),
(845, 17, 548, 0, 0, 1532.4, '', 0, '1505828630'),
(846, 17, 549, 0, 0, 590.9, '', 0, '1505828671'),
(847, 17, 550, 0, 0, 2023.5, '', 0, '1505828889'),
(848, 17, 551, 0, 0, 2340, '', 0, '1505828951'),
(849, 17, 552, 0, 0, 2740.8, '', 0, '1505829003'),
(850, 17, 553, 0, 0, 866.4, '', 0, '1505829051'),
(851, 17, 554, 0, 0, 1726.15, '', 0, '1505829136'),
(852, 17, 555, 0, 0, 2518.8, '', 0, '1505829194'),
(853, 16, 556, 0, 0, 1755.75, '', 0, '1505989662'),
(854, 16, 557, 0, 0, 1343.25, '', 0, '1505989712'),
(855, 16, 558, 0, 0, 1732.5, '', 0, '1505989989'),
(856, 11, 559, 0, 0, 2056.15, '', 0, '1505990473'),
(857, 11, 560, 0, 0, 2320.5, '', 0, '1505991000'),
(858, 11, 561, 0, 0, 771.8, '', 0, '1505991110'),
(859, 11, 562, 0, 0, 1049.75, '', 0, '1505991178'),
(860, 11, 563, 0, 0, 2047.65, '', 0, '1505991714'),
(861, 11, 564, 0, 0, 1025.95, '', 0, '1505991760'),
(862, 1, 565, 0, 0, 13271.25, '', 0, '1505994359'),
(863, 1, 566, 0, 0, 8991.875, '', 0, '1505994403'),
(864, 1, 567, 0, 0, 4553.125, '', 0, '1505994439'),
(865, 1, 568, 0, 0, 10511.875, '', 0, '1505994482'),
(866, 1, 0, 0, 9000, 0, '', 476, '1505997538'),
(867, 1, 0, 0, 35000, 0, '', 477, '1505997860'),
(868, 18, 569, 0, 0, 2704.5, '', 0, '1506001170'),
(869, 18, 570, 0, 0, 2888, '', 0, '1506001216'),
(870, 18, 571, 0, 0, 3016.8, '', 0, '1506001275'),
(871, 18, 572, 0, 0, 173.7, '', 0, '1506001588'),
(872, 18, 573, 0, 0, 945.25, '', 0, '1506001640'),
(873, 18, 574, 0, 0, 1081.8, '', 0, '1506001708'),
(874, 18, 575, 0, 0, 368.1, '', 0, '1506001795'),
(875, 18, 576, 0, 0, 915, '', 0, '1506001894'),
(876, 18, 577, 0, 0, 1587.6, '', 0, '1506001961'),
(877, 18, 578, 0, 0, 2976.3, '', 0, '1506002007'),
(878, 18, 579, 0, 0, 2986.2, '', 0, '1506002086'),
(879, 18, 580, 0, 0, 3237.3, '', 0, '1506002128'),
(880, 18, 581, 0, 0, 3238.2, '', 0, '1506002248'),
(881, 18, 582, 0, 0, 2721, '', 0, '1506002292'),
(882, 36, 583, 0, 0, 3408, '', 0, '1506065690'),
(883, 36, 584, 0, 0, 4507.75, '', 0, '1506065952'),
(884, 36, 585, 0, 0, 4663.55, '', 0, '1506066520'),
(885, 36, 586, 0, 0, 1781.25, '', 0, '1506066592'),
(886, 36, 587, 0, 0, 1999.5, '', 0, '1506066677'),
(887, 36, 0, 0, 5000, 0, '', 478, '1506067233'),
(888, 11, 589, 0, 0, 2258.45, '', 0, '1506073610'),
(889, 2, 590, 0, 0, 8377.8, '', 0, '1506073845'),
(890, 2, 591, 0, 0, 917, '', 0, '1506073924'),
(891, 22, 592, 0, 0, 2122.2, '', 0, '1506074124'),
(892, 22, 593, 0, 0, 1838.7, '', 0, '1506074166'),
(893, 22, 594, 0, 0, 1539, '', 0, '1506074205'),
(894, 18, 0, 0, 9500, 0, '', 479, '1506151129'),
(895, 18, 0, 0, 15000, 0, '', 480, '1506151407'),
(896, 21, 595, 0, 0, 1893.8, '', 0, '1506151898'),
(897, 20, 0, 0, 8500, 0, '', 481, '1506152198'),
(898, 21, 0, 0, 5000, 0, '', 482, '1506152259'),
(899, 26, 0, 0, 3500, 0, '', 483, '1506152863'),
(900, 28, 0, 0, 5000, 0, '', 484, '1506153008'),
(901, 41, 596, 0, 0, 2745, '', 0, '1506154177'),
(902, 41, 0, 0, 21855, 0, '', 485, '1506154929'),
(903, 2, 0, 0, 10000, 0, '', 486, '1506164123'),
(904, 17, 0, 0, 10000, 0, '', 487, '1506164184'),
(905, 14, 597, 0, 0, 2569.55, '', 0, '1506164740'),
(906, 14, 0, 0, 3000, 0, '', 488, '1506164831'),
(907, 11, 0, 0, 3000, 0, '', 489, '1506165297'),
(908, 13, 0, 0, 2000, 0, '', 490, '1506165325'),
(909, 42, 0, 0, 5000, 0, '', 491, '1506166681'),
(910, 4, 598, 0, 0, 2275, '', 0, '1506167477'),
(911, 4, 599, 0, 0, 464.4, '', 0, '1506167510'),
(912, 4, 0, 0, 2500, 0, '', 492, '1506169620'),
(913, 22, 0, 0, 2400, 0, '', 493, '1506170082'),
(914, 30, 0, 0, 7000, 0, '', 494, '1506170226'),
(915, 6, 0, 0, 10000, 0, '', 495, '1506171727'),
(916, 3, 0, 0, 5500, 0, '', 496, '1506176418'),
(917, 23, 600, 0, 0, 1421.25, '', 0, '1506423005'),
(918, 23, 601, 0, 0, 2163, '', 0, '1506423080'),
(919, 23, 602, 0, 0, 597, '', 0, '1506423118'),
(920, 31, 603, 0, 0, 1619.8, '', 0, '1506424937'),
(921, 31, 604, 0, 0, 1206.4, '', 0, '1506425173'),
(922, 23, 0, 0, 5000, 0, '', 497, '1506426565'),
(923, 32, 0, 0, 4500, 0, '', 498, '1506426624'),
(924, 31, 0, 0, 2000, 0, '', 499, '1506426689'),
(925, 10, 0, 0, 4000, 0, '', 500, '1506426957'),
(926, 10, 605, 0, 0, 2361, '', 0, '1506428117'),
(927, 10, 606, 0, 0, 2469.6, '', 0, '1506428241'),
(928, 32, 607, 0, 0, 1597.5, '', 0, '1506428355'),
(929, 32, 608, 0, 0, 1511.25, '', 0, '1506428400'),
(930, 21, 609, 0, 0, 1802, '', 0, '1506521538'),
(931, 21, 610, 0, 0, 1275.85, '', 0, '1506521523'),
(932, 25, 611, 0, 0, 1613.25, '', 0, '1506429806'),
(933, 25, 612, 0, 0, 0, '', 0, '1506430174'),
(934, 43, 0, 0, 5000, 0, '', 501, '1506512606'),
(935, 11, 614, 0, 0, 757.35, '', 0, '1506519806'),
(936, 12, 615, 0, 0, 297.5, '', 0, '1506519886'),
(937, 20, 616, 0, 0, 4436.15, '', 0, '1506520235'),
(938, 20, 617, 0, 0, 3462.9, '', 0, '1506520280'),
(939, 40, 618, 0, 0, 2514.65, '', 0, '1506520672'),
(940, 22, 619, 0, 0, 2394.9, '', 0, '1506520925'),
(941, 17, 620, 0, 0, 1146.65, '', 0, '1506521063'),
(942, 17, 621, 0, 0, 1420.25, '', 0, '1506521105'),
(943, 27, 622, 0, 0, 1822.5, '', 0, '1506521201'),
(944, 16, 623, 0, 0, 562.5, '', 0, '1506521283'),
(945, 16, 624, 0, 0, 950.25, '', 0, '1506521360'),
(946, 21, 625, 0, 0, 2052.75, '', 0, '1506521471'),
(947, 28, 626, 0, 0, 2452.5, '', 0, '1506521650'),
(948, 13, 627, 0, 0, 1689.3, '', 0, '1506521793'),
(949, 14, 628, 0, 0, 2041.7, '', 0, '1506521915'),
(950, 14, 629, 0, 0, 763.3, '', 0, '1506521963'),
(951, 26, 630, 0, 0, 2212.2, '', 0, '1506522108'),
(952, 24, 631, 0, 0, 557.65, '', 0, '1506522212'),
(953, 24, 632, 0, 0, 2718.9, '', 0, '1506522313'),
(954, 33, 633, 0, 0, 2100, '', 0, '1506522509'),
(955, 33, 634, 0, 0, 1256.25, '', 0, '1506522547'),
(956, 33, 635, 0, 0, 1503.75, '', 0, '1506522597'),
(957, 19, 0, 0, 3000, 0, '', 502, '1506586061'),
(958, 36, 0, 0, 6000, 0, '', 503, '1506594530'),
(959, 24, 0, 0, 3000, 0, '', 504, '1506601631'),
(960, 6, 636, 0, 0, 2963.1, '', 0, '1506608757'),
(961, 6, 637, 0, 0, 3066.7, '', 0, '1506608798'),
(962, 6, 638, 0, 0, 4463.2, '', 0, '1506608867'),
(963, 6, 639, 0, 0, 4069.1, '', 0, '1506608914'),
(964, 6, 640, 0, 0, 4119.5, '', 0, '1506608998'),
(965, 6, 641, 0, 0, 4179, '', 0, '1506609075'),
(966, 3, 642, 0, 0, 5608.2, '', 0, '1506662262'),
(967, 9, 643, 0, 0, 4044.24, '', 0, '1506663049'),
(968, 9, 644, 0, 0, 3581.435, '', 0, '1506663093'),
(969, 9, 645, 0, 0, 2585.46, '', 0, '1506663148'),
(970, 9, 646, 0, 0, 1830.4, '', 0, '1506663185'),
(971, 9, 647, 0, 0, 3635.265, '', 0, '1506663277'),
(972, 9, 648, 0, 0, 2974.4, '', 0, '1506663338'),
(973, 19, 649, 0, 0, 4444.7, '', 0, '1506663881'),
(974, 30, 650, 0, 0, 993.75, '', 0, '1506664032'),
(975, 30, 651, 0, 0, 2788.5, '', 0, '1506664075'),
(976, 30, 652, 0, 0, 2992.5, '', 0, '1506664236'),
(977, 42, 653, 0, 0, 3454.4, '', 0, '1506664581'),
(978, 42, 654, 0, 0, 852.8, '', 0, '1506664635'),
(979, 44, 655, 0, 0, 1537.2, '', 0, '1506664839'),
(980, 20, 656, 0, 0, 4448.9, '', 0, '1506664995'),
(981, 11, 657, 0, 0, 750.55, '', 0, '1506666226'),
(982, 11, 658, 0, 0, 1510.45, '', 0, '1506666281'),
(983, 24, 659, 0, 0, 2998.8, '', 0, '1506666559'),
(984, 10, 660, 0, 0, 3785.4, '', 0, '1506666743'),
(985, 32, 661, 0, 0, 1255.8, '', 0, '1506667029'),
(986, 32, 662, 0, 0, 2262, '', 0, '1506667123'),
(987, 32, 663, 0, 0, 1116.7, '', 0, '1506667201'),
(988, 23, 664, 0, 0, 2357.25, '', 0, '1506667476'),
(989, 23, 665, 0, 0, 2369.25, '', 0, '1506667540'),
(990, 26, 666, 0, 0, 2735.1, '', 0, '1506667714'),
(991, 26, 667, 0, 0, 1247.4, '', 0, '1506667971'),
(992, 42, 668, 0, 0, 1703.2, '', 0, '1506668094'),
(993, 31, 669, 0, 0, 1944.8, '', 0, '1506668359'),
(994, 2, 670, 0, 0, 8637.6, '', 0, '1506668755'),
(995, 2, 671, 0, 0, 1166, '', 0, '1506668819'),
(996, 3, 672, 0, 0, 5506.2, '', 0, '1506668989'),
(997, 9, 673, 0, 0, 4355.43, '', 0, '1506669100'),
(998, 9, 674, 0, 0, 3095.95, '', 0, '1506669161'),
(999, 1, 675, 0, 0, 7817.88, '', 0, '1506669349'),
(1000, 30, 676, 0, 0, 603.75, '', 0, '1506669560'),
(1001, 30, 677, 0, 0, 1393.5, '', 0, '1506669814'),
(1002, 17, 678, 0, 0, 708, '', 0, '1506670089'),
(1003, 17, 679, 0, 0, 859.75, '', 0, '1506670210'),
(1004, 36, 680, 0, 0, 423, '', 0, '1506670683'),
(1005, 36, 681, 0, 0, 2904.75, '', 0, '1506670816'),
(1006, 36, 682, 0, 0, 2646, '', 0, '1506670875'),
(1007, 26, 0, 0, 3000, 0, '', 505, '1506754244'),
(1008, 2, 0, 0, 8000, 0, '', 506, '1506759060'),
(1009, 3, 0, 0, 5000, 0, '', 507, '1506759114'),
(1010, 13, 0, 0, 2500, 0, '', 508, '1506768679'),
(1011, 14, 0, 0, 4000, 0, '', 509, '1506768729'),
(1012, 6, 684, 0, 0, 4415.6, '', 0, '1506772511'),
(1013, 6, 685, 0, 0, 4589.2, '', 0, '1506772545'),
(1014, 6, 686, 0, 0, 930.495, '', 0, '1506772582'),
(1015, 16, 0, 0, 6000, 0, '', 510, '1506775684'),
(1016, 25, 0, 0, 5000, 0, '', 511, '1506776255'),
(1017, 4, 687, 0, 0, 2986, '', 0, '1506777391'),
(1018, 19, 688, 0, 0, 2257.45, '', 0, '1506777498'),
(1019, 19, 689, 0, 0, 1887.6, '', 0, '1506777551'),
(1020, 45, 690, 0, 0, 196.3, '', 0, '1506777611'),
(1021, 6, 0, 0, 10000, 0, '', 512, '1506777910'),
(1022, 18, 691, 0, 0, 2601.9, '', 0, '1506778529'),
(1023, 18, 692, 0, 0, 2483.25, '', 0, '1506778604'),
(1024, 18, 693, 0, 0, 2690.1, '', 0, '1506778715'),
(1025, 18, 694, 0, 0, 1200.75, '', 0, '1506778788'),
(1026, 18, 695, 0, 0, 2847.15, '', 0, '1506778845'),
(1027, 18, 696, 0, 0, 3774.6, '', 0, '1506778894'),
(1028, 21, 697, 0, 0, 1776.5, '', 0, '1506778957'),
(1029, 43, 698, 0, 0, 968, '', 0, '1506779483'),
(1030, 43, 699, 0, 0, 4785, '', 0, '1506779629'),
(1031, 28, 700, 0, 0, 1889.25, '', 0, '1506779709'),
(1032, 13, 701, 0, 0, 2474.1, '', 0, '1506779760'),
(1033, 42, 702, 0, 0, 974.4, '', 0, '1506779882'),
(1034, 36, 0, 0, 7000, 0, '', 513, '1507286708'),
(1035, 44, 0, 0, 5000, 0, '', 514, '1507359993'),
(1036, 18, 0, 0, 10000, 0, '', 515, '1507361297'),
(1037, 18, 0, 0, 10000, 0, '', 516, '1507361361'),
(1038, 28, 0, 0, 2500, 0, '', 517, '1507362772'),
(1039, 42, 703, 0, 0, 3269.6, '', 0, '1507371677'),
(1040, 42, 704, 0, 0, 1016, '', 0, '1507371724'),
(1041, 42, 0, 0, 9500, 0, '', 518, '1507371909'),
(1042, 14, 0, 0, 6500, 0, '', 519, '1507374717'),
(1043, 4, 0, 0, 5170, 0, '', 520, '1507377134'),
(1044, 11, 0, 0, 5000, 0, '', 521, '1507378903'),
(1045, 13, 0, 0, 5000, 0, '', 522, '1507379128');
INSERT INTO `transactions` (`id`, `userid`, `paavudetailid`, `paavuid`, `amount`, `paavu_amount`, `type`, `voucherid`, `date`) VALUES
(1046, 22, 0, 0, 2000, 0, '', 523, '1507380040'),
(1047, 13, 0, 0, 5000, 0, '', 524, '1507380538'),
(1048, 43, 0, 0, 8500, 0, '', 525, '1507382885'),
(1049, 6, 0, 0, 12000, 0, '', 526, '1507383098'),
(1050, 2, 0, 0, 11500, 0, '', 527, '1507386626'),
(1051, 3, 0, 0, 6000, 0, '', 528, '1507386773'),
(1052, 31, 0, 0, 4500, 0, '', 529, '1507617292'),
(1053, 45, 0, 0, 3500, 0, '', 530, '1507617380'),
(1054, 19, 0, 0, 4000, 0, '', 531, '1507637813'),
(1055, 24, 0, 0, 2500, 0, '', 532, '1507637858'),
(1056, 32, 0, 0, 6000, 0, '', 533, '1507729185'),
(1057, 23, 0, 0, 4000, 0, '', 534, '1507729217'),
(1058, 1, 0, 0, 30000, 0, '', 535, '1507810917'),
(1059, 9, 0, 0, 5000, 0, '', 536, '1507810973'),
(1060, 9, 0, 0, 25000, 0, '', 537, '1507810995'),
(1061, 21, 705, 0, 0, 1680.45, '', 0, '1507962965'),
(1062, 21, 0, 166, 0, -300, '', 0, '1507963124'),
(1063, 21, 0, 0, 5000, 0, '', 538, '1507963164'),
(1064, 26, 0, 0, 5000, 0, '', 539, '1507963706'),
(1065, 28, 706, 0, 0, 1797.75, '', 0, '1507965312'),
(1066, 28, 707, 0, 0, 378, '', 0, '1507965404'),
(1067, 28, 0, 0, 5000, 0, '', 540, '1507965466'),
(1068, 30, 0, 174, 0, -170, '', 0, '1507965867'),
(1069, 30, 0, 0, 8000, 0, '', 541, '1507965904'),
(1070, 42, 0, 0, 5000, 0, '', 542, '1507969491'),
(1071, 16, 0, 0, 3500, 0, '', 543, '1507976631'),
(1072, 17, 0, 0, 9785, 0, '', 544, '1507980646'),
(1073, 27, 0, 0, 12000, 0, '', 545, '1507980668');

-- --------------------------------------------------------

--
-- Table structure for table `users`
--

CREATE TABLE `users` (
  `id` int(50) NOT NULL,
  `name` varchar(50) CHARACTER SET utf8 COLLATE utf8_bin NOT NULL,
  `emailid` varchar(50) CHARACTER SET utf8 COLLATE utf8_bin NOT NULL,
  `mobileno` varchar(50) NOT NULL,
  `address` varchar(150) CHARACTER SET utf16 COLLATE utf16_bin NOT NULL,
  `date` varchar(50) CHARACTER SET utf8 COLLATE utf8_bin NOT NULL
) ENGINE=InnoDB DEFAULT CHARSET=latin1;

--
-- Dumping data for table `users`
--

INSERT INTO `users` (`id`, `name`, `emailid`, `mobileno`, `address`, `date`) VALUES
(1, 'TMS Tex-ADR-354987169479', '', '9442781020', 'R.Manickam,3/106-East street,Gurusamipalayam,Rasipuram-T.K, Namakkal--Dist.  ', '1496331572'),
(2, 'Mohan Tex,Aadhar-517676454918', '', '7502113844', 'N.Dhamotharan,8/180-D-thoppukkadu,Gurusamipalayam  Rasipuram-TK,Namakkal-\r\n', '1496331610'),
(3, 'Vimala Tex,Adr-497273890493', '', '9095290418', 'S.Saravanan,7/54-Thoppukkadu Gurusamipalayam,Rasipuram-TK,Namakkal-dist\r\n', '1496331625'),
(4, 'Kavitha Tex', '', '9715749034', 'T.Kavita, 109-3/83-East street,Gurusamipalayam,Rasipuram-TK,Namakkal-dist\r\n', '1496331641'),
(5, 'Saravanan Tex,', '', '9578950635', 'Gurusamipalayam\r\nNamakkal-dist', '1496331699'),
(6, 'Selvi Tex,Aadhar-385151933994', '', '9894628531', 'A.Dhanabal,4/91-east street,Gurusamipalayam,Rasipuram-TK,Namakkal-dist\r\n', '1496331777'),
(7, 'Kandasamy Tex', '', '9842202170', 'Gurusamipalayam\r\n', '1496331848'),
(8, 'Hariharan Tex', '', '1', 'Gurusamipalayam\r\n', '1496331934'),
(9, 'SANTHI TEX,Aadhar-339987191817', '', '9976109024', 'M.Santhi, 3/107-East street, Gurusamipalayam.Rasipuram-T.K,  Namakkal-dist', '1496331973'),
(10, 'Annamar Tex', '', '8190029090', 'M.Kuppusamy,73-Thoppampatti.Athipalayam-post,karur-dist\r\n', '1496332011'),
(11, 'Deepika Tex', '', '9976399926', 'K.Selvakumar,Naranavalasu\r\naadhar-692617705294.Tirupur-dist', '1496332044'),
(12, 'Rathi Tex', '', '9003324084', 'N.Murugesan,,Orathupalayam-post,Mulanur-via,Tirupur-dist.\r\n', '1496332240'),
(13, 'Ponnachiamman Tex-adr-801443540586', '', '9445490765', 'M.Karuppusamy,K.Mettur,Orathupalayam-post,mullanur-via Tirupur-dist\r\n', '1496332281'),
(14, 'Kavin Tex,ADR-415964668171', '', '9944765356', 'K.AYYASAMY, 9/113-Maylirangam-post,Vellakovil-638 111.\r\n', '1496332311'),
(15, 'Kandiamman Tex', '', '0', 'Orathupalayam\r\n', '1496332338'),
(16, 'PRT Tex.adr-298153977401', '', '9715146866', 'P.Ramalingam,Perumalpalayam,Munnur-post,k.paramathi-via-karur-dist\r\n', '1496332380'),
(17, 'Priya Tex', '', '9629433693', 'P.Palanisamy.Kongu nagar.,Muthur Road,Vellakovil-638111', '1496332431'),
(18, 'Theivam Tex,Aadhar-605578715204', '', '9865667688', 'S.Sivalingam, 18/359-Ramalingapuram,Sathipalayam Road,,Vellakovil-638111', '1496332458'),
(19, 'SenthilMurugan Tex,ADR-580985920727', '', '9750890334', 'M.Senthilkumar,9/99-kidaikaranpalayam,thennilai-E Karur-dist pin-639111\r\n', '1496332485'),
(20, 'Palanivel Tex', '', '8526794138', 'Velusamy,Meenachivalasu, thennilai-post,karur-dist\r\n', '1496332531'),
(21, 'S.P Tex', '', '9442596923', 'S.Palanisamy,Meenachivalasu,Thennilai-post, Karur-639 206\r\n', '1496332561'),
(22, 'Laxshmi Tex', '', '8344850279', 'M.Kumar, DR Nagar,vellakovil-638111\r\n', '1496332592'),
(23, 'Satyaraj Tex-ADR-854315580411', '', '9952866499', 'P.Loganathan,8/150-servakaranpalayam,athipalayam-post,karur-dist\r\n', '1496332619'),
(24, 'Karuppusamy Tex-adr-812351098968', '', '9786808631', 'R.Rajan,Kidaikaranpalayam,kattumunnur-post,k.paramathi-via karur-639 111\r\n,', '1496332655'),
(25, 'M.M Tex', '', '9629690026', 'Loganathan,near kamala mill,muthur road,Vellakovil-638 111\r\n', '1496332683'),
(26, 'Annuramman Tex,adr-996332091097', '', '9865019473', 'R.Chinnasamy 53-redivalasu,uppupalayam-post,Vellakovil-638 111', '1496332712'),
(27, 'Sri Venkateshwara Tex', '', '9789460122', 'K.Kandasamy,Kongu nagar,muthur road,Vellakovil-638111\r\n', '1496332748'),
(28, 'Sivaranjini Tex', '', '9865485126', 'Selvakumar, Udantakumaravalasu,sathipalayam-(post) Vellakovil-638111\r\n', '1496332777'),
(29, 'Moorthy Tex', '', '9865183121', 'Vellakovil\r\n\r\n\r\n', '1496332847'),
(30, 'Aandavar Tex', '', '9715283403', 'P.Selvaraj,uttandakumaravalasu,sathipalayam-post,Vellakovil-638111\r\n', '1496332875'),
(31, 'Annai Tex', '', '9489813351', 'K.Ramalimgam,8/138-Servakaranpalayam,athipalayam-post karur-dist\r\n', '1496332905'),
(32, 'Sri Mathi Tex', '', '8098735151', 'K.Duraisamy-,Athipalayampudhur,Athipalayam-post.k.paramathi-via Karur-dist-639111\r\n', '1496332952'),
(33, 'Gopinath tex', '', '9751004006', 'k.velusamy,Molapalayam,munnur-post,k.paramathi,karur-dist\r\n', '1496332986'),
(34, 'P.Kumar Tex', '', '9442208586', 'Gurusamipalayam\r\n', '1496333022'),
(35, 'Saraswathi Tex', '', '1', 'Manallur', '1496407282'),
(36, 'A.P Tex,Aadhar-308270945659', '', '9943071620', 'A.P.Murugesan,Aavudhipalayam,chinnavangalampalayam-post,thennilai-via karur-dist', '1496410579'),
(37, 'Thenmozhi Tex', '', '1', 'Gurusamipalayam', '1496460306'),
(38, 'Kathiresan', '', '1', 'Karur', '1496471410'),
(39, 'Sellandiamman tex', '', '8675534393', 'Vellakovil', '1496485139'),
(40, 'Sri Ram Tex', '', '8508647850', 'S.Matheswaran, 4/81-Gurusamipalayam-(EAST) Rasipuram-TK ,Namakkal-Dist', '1500899327'),
(41, 'KANNAN TEX', '', '8838684315', 'R.Kannan,Vallnaikanpatty,Thennilai-south,Karur-639 206', '1503396696'),
(42, 'Mathan Tex,Aadhar-709153474512', '', '9865538444', 'M.Kuppusamy,N.N.Patty,Thanneerpandhal,vellakovil-638111', '1504698041'),
(43, 'M.PALANIVEL TEX', '', '7010304679', 'M.Palanivel,9/1-B-Thoppukadu,\r\nGurusamipalayam.Namakkal-dist.', '1505218339'),
(44, 'AMMAN TEX ', '', '0', 'BALAKATTUR-THENNILAI KARUR-DIST', '1505462919'),
(45, 'KARVEMBU TEX,adr-990844417374', '', '9750042911', 'K.Natarajan,M.Alampalayam,Munnur-post.k.paramathi-via karur-dist', '1505808501'),
(46, 'N.P.A.TEX-ADR-544209844305', '', '9080318264', 'P.Suseela,-8/67-Thoppukadu, Gurusamipalayam-rasipuram-Namakkal-dist', '1506078360');

-- --------------------------------------------------------

--
-- Table structure for table `yarnbillamount`
--

CREATE TABLE `yarnbillamount` (
  `id` int(20) NOT NULL,
  `yarnbillid` int(20) NOT NULL,
  `amount` double NOT NULL,
  `date` varchar(50) NOT NULL
) ENGINE=InnoDB DEFAULT CHARSET=utf8;

-- --------------------------------------------------------

--
-- Table structure for table `yarnbillings`
--

CREATE TABLE `yarnbillings` (
  `id` int(20) NOT NULL,
  `yarnshopid` int(20) NOT NULL,
  `billno` varchar(50) NOT NULL,
  `billdate` varchar(50) NOT NULL,
  `taxamount` double NOT NULL,
  `taxpercentage` double NOT NULL,
  `totalamount` double NOT NULL
) ENGINE=InnoDB DEFAULT CHARSET=utf8;

--
-- Dumping data for table `yarnbillings`
--

INSERT INTO `yarnbillings` (`id`, `yarnshopid`, `billno`, `billdate`, `taxamount`, `taxpercentage`, `totalamount`) VALUES
(1, 2, '10', '1509922800', 0, 5, 32130),
(2, 2, '1002', '1509922800', 0, 5, 32130),
(3, 5, '1345', '1512601200', 0, 5, 115500),
(4, 1, '124589', '1512601200', 0, 5, 18270),
(5, 4, '1002', '1512514800', 0, 5, 11340);

-- --------------------------------------------------------

--
-- Table structure for table `yarns`
--

CREATE TABLE `yarns` (
  `id` int(10) NOT NULL,
  `name` varchar(50) NOT NULL,
  `address` varchar(50) NOT NULL,
  `date` varchar(50) NOT NULL
) ENGINE=InnoDB DEFAULT CHARSET=latin1;

--
-- Dumping data for table `yarns`
--

INSERT INTO `yarns` (`id`, `name`, `address`, `date`) VALUES
(1, 'Lotus Agency', 'Karur', '1496334369'),
(2, 'P.S.G Yarn Traders', 'Karur', '1496334384'),
(3, 'SPR Yarn Agenncy', 'Vellakovil', '1496334418'),
(4, 'Sri Pillayaar Tex', 'Tirupur', '1496334442'),
(5, 'MEHRA POLY TEX PVT.LTD.', 'Silvassa', '1496334473'),
(6, 'Wellknown polysters Ltd', 'Daman', '1496334497'),
(7, 'Thilaga Traders', 'Karur', '1496334512'),
(8, 'Aathika Traders', 'Karur', '1496334526'),
(9, 'New Star Spinning Mill', 'Vellakovil', '1496334548'),
(10, 'Transfer', 'Karur', '1496400854'),
(11, 'ABI WARPING', 'KARUR', '1497276496'),
(12, 'SRI HARI TEXTILES', 'VELLAKOVIL', '1497354474'),
(13, 'SIVSAKTHI WARPING', 'VN PUDHUR', '1498286087'),
(14, 'Shree Rajeshvara Textiles', 'SF NO-104/A3,,Thirumangalam,VELLAK', '1502709783'),
(15, 'AYM SYNTEX LTD', 'SILVASSA', '1502947734'),
(16, 'DELUXE WARPING', 'VELLAKOVIL', '1504942268'),
(17, 'CS', 'KARUR', '1504942300'),
(18, 'siva handloom', 'karur', '1506167798');

--
-- Indexes for dumped tables
--

--
-- Indexes for table `color`
--
ALTER TABLE `color`
  ADD PRIMARY KEY (`id`);

--
-- Indexes for table `coloramount`
--
ALTER TABLE `coloramount`
  ADD PRIMARY KEY (`id`);

--
-- Indexes for table `designs`
--
ALTER TABLE `designs`
  ADD PRIMARY KEY (`id`);

--
-- Indexes for table `paavudetails`
--
ALTER TABLE `paavudetails`
  ADD PRIMARY KEY (`id`);

--
-- Indexes for table `paavus`
--
ALTER TABLE `paavus`
  ADD PRIMARY KEY (`id`);

--
-- Indexes for table `returnpavudetails`
--
ALTER TABLE `returnpavudetails`
  ADD PRIMARY KEY (`id`);

--
-- Indexes for table `threads`
--
ALTER TABLE `threads`
  ADD PRIMARY KEY (`id`);

--
-- Indexes for table `transactions`
--
ALTER TABLE `transactions`
  ADD PRIMARY KEY (`id`);

--
-- Indexes for table `users`
--
ALTER TABLE `users`
  ADD PRIMARY KEY (`id`);

--
-- Indexes for table `yarnbillamount`
--
ALTER TABLE `yarnbillamount`
  ADD PRIMARY KEY (`id`);

--
-- Indexes for table `yarnbillings`
--
ALTER TABLE `yarnbillings`
  ADD PRIMARY KEY (`id`);

--
-- Indexes for table `yarns`
--
ALTER TABLE `yarns`
  ADD PRIMARY KEY (`id`);

--
-- AUTO_INCREMENT for dumped tables
--

--
-- AUTO_INCREMENT for table `color`
--
ALTER TABLE `color`
  MODIFY `id` int(50) NOT NULL AUTO_INCREMENT, AUTO_INCREMENT=51;
--
-- AUTO_INCREMENT for table `coloramount`
--
ALTER TABLE `coloramount`
  MODIFY `id` int(20) NOT NULL AUTO_INCREMENT, AUTO_INCREMENT=10;
--
-- AUTO_INCREMENT for table `designs`
--
ALTER TABLE `designs`
  MODIFY `id` int(11) NOT NULL AUTO_INCREMENT, AUTO_INCREMENT=23;
--
-- AUTO_INCREMENT for table `paavudetails`
--
ALTER TABLE `paavudetails`
  MODIFY `id` int(11) NOT NULL AUTO_INCREMENT, AUTO_INCREMENT=1150;
--
-- AUTO_INCREMENT for table `paavus`
--
ALTER TABLE `paavus`
  MODIFY `id` int(50) NOT NULL AUTO_INCREMENT, AUTO_INCREMENT=233;
--
-- AUTO_INCREMENT for table `returnpavudetails`
--
ALTER TABLE `returnpavudetails`
  MODIFY `id` int(10) NOT NULL AUTO_INCREMENT, AUTO_INCREMENT=708;
--
-- AUTO_INCREMENT for table `threads`
--
ALTER TABLE `threads`
  MODIFY `id` int(50) NOT NULL AUTO_INCREMENT, AUTO_INCREMENT=578;
--
-- AUTO_INCREMENT for table `transactions`
--
ALTER TABLE `transactions`
  MODIFY `id` int(11) NOT NULL AUTO_INCREMENT, AUTO_INCREMENT=1074;
--
-- AUTO_INCREMENT for table `users`
--
ALTER TABLE `users`
  MODIFY `id` int(50) NOT NULL AUTO_INCREMENT, AUTO_INCREMENT=47;
--
-- AUTO_INCREMENT for table `yarnbillamount`
--
ALTER TABLE `yarnbillamount`
  MODIFY `id` int(20) NOT NULL AUTO_INCREMENT;
--
-- AUTO_INCREMENT for table `yarnbillings`
--
ALTER TABLE `yarnbillings`
  MODIFY `id` int(20) NOT NULL AUTO_INCREMENT, AUTO_INCREMENT=6;
--
-- AUTO_INCREMENT for table `yarns`
--
ALTER TABLE `yarns`
  MODIFY `id` int(10) NOT NULL AUTO_INCREMENT, AUTO_INCREMENT=19;
/*!40101 SET CHARACTER_SET_CLIENT=@OLD_CHARACTER_SET_CLIENT */;
/*!40101 SET CHARACTER_SET_RESULTS=@OLD_CHARACTER_SET_RESULTS */;
/*!40101 SET COLLATION_CONNECTION=@OLD_COLLATION_CONNECTION */;
